업체명,대표자명,주소,연락처
삼덕회계법인,김덕수,,
대구경북경영기술협동조합,김연화,,
백영철,백영철,,
주식회사하바만,김선중,경기 화성시 지산1길 12-2 티006호 지1층,010-9990-7767
미래기술경영컨설팅,박철용,대구 수성구 신천동로 320 7/703,
업코리아,김상혁,경기 수원시 영통구 대학4로 9 602호,031-211-1080
서비스업,이근호,,
이레경영연구원,신용세,서울 송파구 중대로12길 35 가락우성2차아파트 102동 1302호,010-4764-1039
노무법인 최상인업,김경모,,
미래기업연구원,정재섭,서울 영등포구 당산로4길 12 114동 1102호,010-8985-0262
미래비즈파트너스,이정희,경기 용인시 처인구 이동읍 처인성로 1140,031-275-2202
한빛디엔에스,이현화,서울 강서구 양천로 551-17,02-325-8115
이안,윤문구,,010-5259-2418
최병훈,최병훈,경기 평택시 서정로268번길 11 블루빌301,010-6638-3199
대한능력개발진흘원,이준열,,
BPCC,최우진,서울 광진구 자양로 73 동원빌딩 4층 506호,02-6479-2378
한국종합경제연구원,권형남,,
성보현,성보현,,
공동체경영연구소,이미영,,
에스앤드케이코퍼레이션,송경호,서울 양천구 목동중앙남로 11-32 인우아파트 101동 301호,02-2645-0219
형섭컨설팅,심형섭,,
게인그라운드,김규영,서울 중구 서소문로 89 순화빌딩 17층 LS-1730,010-3798-0172
양희정,양희정,충북 청주시 상당구 호미로 2 208-1301 대성베르힐2차,010-8965-7568
제로투원파트너스,김경태,,
뉴씽크,김중배,경기 용인시 기흥구 새천년로 40 411-101호,031-891-0994
(주)기업혁신센터,유재권,"서울 구로구 새말로 31 08291 ,  111동1401호(구로5동,신도림롯데아파트)",02-830-5894
삼성경영기술연구원,김달섭,대구 동구 장등로 85 명화빌딩3층,053-745-1637
방스커뮤니티(주),방용성,서울 서초구 반포대로14길 71 엘지서초에클라트 306호,02-3474-1553
새한경영컨설팅,박충남,강원특별자치도 홍천군 화촌면 설악로 2692 0,02-6490-5304
(주)비엠씨,조민제,부산 사하구 낙동대로 280 102동 104호,051-291-9026
산업경영연구원,조형제,대구 남구 대명복개로 50 3층,
허윤 경영지도사사무소,허윤,강원특별자치도 원주시 상지대길 83 다산관 11호,010-4687-9962
(주) 큐피에스,김대기,"경기 성남시 분당구 양현로 220 이매삼환아파트 1108동301호 (이매동,이매촌삼성아파트)",010-7129-5838
지원 세무회계컨설팅,김나린,서울 중구 퇴계로31길 27 프라임빌딩 402호,02-6674-6161
주)단군비즈,조수연,부산 해운대구 센텀5로 41 4층401호,051-1688-9962
경영기술지도법인 한국경영기술,권형남,서울 서초구 효령로31길 6 3층,02-585-2311
박이진,이승록,서울 동작구 노들로2길 7 1층B동wlstodqkswja,02-811-1151
오피스디포가산점,김성중,서울 금천구 벚꽃로 278 B1250호,02-3397-3361
(주)티이디컨설팅그룹,김현덕,서울 영등포구 선유로 27 410호,02-780-7679
김채희,김행곤,경남 양산시 명곡로 321 창업보육센터 2416호,055-385-1295
유인영,김민조,경기 광명시 양달로 7 광명역푸르지오105동2201호,
한남아이티컨설팅(주),소홍선,서울 금천구 가산디지털1로 168 C동 1508호,02-2026-3377
기업사랑컨설팅,전용운,,
ABC경영자문,전봉춘,,
다인커뮤니케이션,정대균,광주 광산구 앰코로 35 106호,062-974-0971
대명 비즈컨(주),김종인,광주 광산구 하남산단8번로 177 광주경제고용진흥원 5층 (도천동),062-954-4554
케이비즈컨설팅,정장운,서울 구로구 신도림로21길 25 303-1007,02-830-0233
중소벤처기업진흥공단 경기동부,박창기,,
효산경영연구소,김정희,서울 영등포구 63로 36 5층 502호,02-564-9970
카이로스45,김형민,서울 중랑구 중랑천로 286 묵동아이파크 107-802,010-6656-6278
코스믹비지니스컨설팅,원경훈,경남 양산시 서창로 223 코스믹비지니스컨설팅,055-366-0661
이상백,이상백,,
이관식,이관식,대전 대덕구 중리서로 31 102동1105호(중리동 영진로얄아파트),042-632-2514
중소기업경영기술지원연구소,정영철,경남 김해시 평전로 118-1 201호,055-311-6974
(주)네이카,김현영,,010-3722-1268
대구경북경영지도사(협),임시영,대구 달서구 달서대로 555 일신테크노밸리 203호,010-6459-6459
강현수,강현수,,
JKR컨설팅,김진국,경기 부천시 평천로 679 105-904,032-719-2126
sk글로벌,김성국,경상남도 김해시 상동면 동북로 887-19 (감노리),055-339-9111
MP기술,정양배,전남 목포시 양을로 121 종원나이스빌107동302호,061-273-3767
한국기업평가컨설팅,한재현,대구 북구 동북로 345 111-403호,053-384-0669
허인석세무사사무소,허인석,,
제이유엔컨설팅,전상준,서울 서초구 서초대로 275 2층 201호,
(주)이맥스정보기술,여성구,부산 사상구 모라로 22 부산벤처타워 807호,051-609-9176
인프라비즈,이정익,,
엠에스기업자문,안경선,서울 노원구 공릉로59가길 9 2층,010-7592-8735
김정화,김정화,경북 구미시 산업로 236 3층,054-453-0479
(유)한국융합컨설팅연구원,이용삼,,
우린파트너스,임완수,,
성균관대학교 글로벌창업대학원,김경환,,
제이엔에스컨설팅,나태영,,
부산컨설팅사무소,최종오,,
케이기술경영원 주식회사,임욱희,,
맥스컨설팅,조윤제,,
이종학,이종학,,
정혜경시스템(주),곽종민,,
이종학,이종학,,
김달운,김달운,대구 수성구 시지로 45 103동 802호,
블루3000,손광현,,
광주전남경영기술지도사회,김선채,,
군장대학교,이승우,전북 군산시 성산면 군장대길 13 조선공학관 3층,063-450-8223
이상HR경영컨설팅,염윤아,"전북 전주시 덕진구 만성서로 78 레이크타워 4층, 408호 이상HR경영컨설팅",010-5848-4304
샘 경영 컨설팅,김준,,
이노경영기술원(주),김희철,대구 달서구 호산로 47,053-588-2191
.,최성우,경기 용인시 기흥구 어정로 151 강남베스트빌 B동 603호,
이승관,이승관,,
비엠경영컨설팅,최승식,경기 화성시 동탄공원로 21-40 931동 2203호,031-8050-7300
에스엠기술연구소,김영덕,인천 남동구 선수촌로 75 101동2302,031-484-8504
솔루션비즈니스컨설팅,정영복,서울 종로구 종로53길 36 201호,02-543-5439
(상담회사)상생,정범진,서울 강남구 선릉로 630 동화빌딩2층,02-539-2114
이길원,이길원,서울 관악구 신림로18길 11 205호,
남정복,장좌환,경기도 김포시 고촌읍 수기로 67-53 수기마을힐스테이트2단지,031-985-6019
로드테크,김효선,,
아이에스경영원,구성회,경기 하남시 하남유니온로 70 106-802,031-699-0277
CK기술컨설팅,표창균,,
한국첨단기술경영원,김경도,서울 서초구 강남대로53길 11,02-6949-5410
윈경영정보컨설팅(주),이흥경,,
하나로경영자문(주),최탁열,,
리얼코칭,김영훈,서울 마포구 어울마당로 35 신보빌딩 4층,010-6337-6951
(주)오엠엠피플,이진형,서울 강남구 영동대로 602 6층 오엠엠피플,
(주)지티티비,박용선,광주 동구 동계천로 150 506호,062-526-6005
씨에스경영연구원,강광옥,"서울 양천구 목동중앙로 79 (목동, 목동2차아이파크) 201-1902",
양진복,윤종원,,
(주)한국토탈안전시스템,장성수,경남 김해시 주촌면 골든루트로 80-16 중소기업비즈니스센터 307호,055-326-3181
(주) 선진비엠디,진형근,서울 성북구 동소문로13나길 88 (동소문동6가 241),010-6619-5032
비즈텍,박옥균,부산 금정구 금샘로 262 206동1803호,
한주실업,고상언,경남 양산시 상북면 구소석5길 10 상동,055-375-7393
(주)아이트리온,이용우,서울 강남구 언주로 603 2층,070-7542-7722
한구기술술개발연구원,박명철,,
박광열,박광열,광주 서구 상무대로956번길 6 영산강빌딩 3층 301호 세무법인동반,062-710-9200
경영시스템(주),최병대,인천 계양구 장제로863번길 15 시티오피스텔  507호,032-545-9031
청아,김희태,,
(주)이롬테크,김귀천,경기 김포시 고촌읍 장차로5번길 5-25 701호,
대동cmc,최진혁,,
와이더블유엠경영연구원,양성모,서울 강서구 공항대로 219 916호,02-332-0080
SK네트웍스서비스,김윤의,,
전라남도자영업종합지원센터,정양수,,
(주)미래경영기술,김준섭,,
유태섭,유태섭,,
권성열,김선관,경남 창원시 의창구 남면로 219 코리아지식산업센터2동24호,055-552-0373
YH경영연구소,이윤호,대구 북구 중앙대로 591 201동 1504호,053-383-8532
비즈프랜드,진기우,서울 동작구 등용로 37 상도래미안1차아파트 106-201,010-3661-5129
대구경북경영기술지도사협동조합,임시영,대구 달서구 달서대로 555 203호,053-753-4064
한진단 주식회사,안국현,서울 송파구 송파대로 201 테라타워2 A동 G129-3,02-6084-7575
만호,이기노,,
신동훈세무사,신동훈,전북 익산시 익산대로52길 12 신동훈세무회계사무소,063-851-5101
기업경영기술원,김민호,대구 동구 이노밸리로36길 13 601호,053-214-1359
김정환,김정환,,
이엠에스경영컨설팅,최석규,서울 구로구 오류로 30 106-1102호,02-2264-7389
김주원,김주원,인천 미추홀구 매소홀로488번길 5-49 2동 301호,010-5621-3618
홍기용,홍기용,,
농촌진흥청,김경규,전북 전주시 덕진구 농생명로 300 지도정책과,063-238-1000
(주)한국첨단기술경영원,김경도,서울 강남구 강남대로84길 23 1213호,02-6949-5410
노무법인 새오름,배세욱,,
한국경영기술지도사회,김오연,,
조형구세무회계사무소,조형구,전북 익산시 익산대로52길 28-1,063-856-2001
엠테크비즈,최해봉,"경기 고양시 일산서구 중앙로 1542 6층 611-2호, 611-3호 (대화동, 신동아노블타워)",010-4718-8776
팀 품질경영컨설팅,최상준,경기 성남시 분당구 분당로 190 107동-2005호,010-9004-1402
컨프레즈,김교명,서울 영등포구 문래로 82 문래힐스테이트@104동 804호,
지앤씨컴퍼니,최재현,,
(주)화인경영컨설팅,류만희,서울 구로구 디지털로26길 5 에이스하이엔드타워512호,02-6220-6220
다온컨설턴스,주용섭,경기 여주시 세종로 363-14 105호,010-8546-5080
(주)이알투,김택선,서울 강남구 논현로72길 33 401호,02-532-7531
신용보증기금,현창익,,
(주)GGBC,허정욱,,010-9089-2062
그립파워테크,신재춘,서울 영등포구 신길로13길 5 그립파워테크,02-824-5344
(주)비즈니스포커스,원종표,,
창업경영연구소  상원,황수석,경남 창원시 의창구 창이대로464번길 2 1층 상원,055-282-9815
피앤제이(주),박재관,,
사단법인한국경영분석연구원,김민선,서울 강남구 테헤란로29길 5 401호,02-558-2045
국제산업인증원,이규철,인천 남동구 논고개로123번길 35 602호,032-432-6001
KM컨설팅,윤길호,,
(주)기업혁신센터,유재권,"서울 영등포구 국제금융로8길 34 706호 (여의도동, 오륜빌딩)",02-6093-4949
공정창업경영사무소,김상용,대구 북구 경대로17길 78 마메종원룸 205호,
(주)미래인증교육컨설팅,유영준,서울 성동구 아차산로 84 홍인빌딩 303호,02-783-9004
이옥주,김민선,,
개인,박시용,대전 대덕구 산디로231번길 36 장동642,
미개설,김원한,,
빅뱅,김도경,인천 미추홀구 경인로 229 1615,02-1544-1530
인창경영컨설팅,황인창,인천 부평구 장제로 45 더로프트,032-523-3338
에이포넷,에이포넷,,
ㄹㄴㅇㄹ,이종수,,
코퍼레이트시티즌,지은실,서울 강서구 초원로16길 92 1층,02-2664-1238
(주)에이펙씨비씨코리아,전성열,경기 안양시 동안구 시민대로 267 아크로팰리스 1002호,031-476-7111
프리랜서,진흥배,,
위드파트너스(주),김용섭,,
창업멘토(주),한우수,부산 해운대구 반송로877번길 60 해운대창조기업지원센터,051-731-7152
노무법인 새오름,배세욱,,
(주)비즈엠텍,정성윤,,
이음비즈,안창욱,,
기업성장지원센터,홍봉기,,
(주)기업혁신센터,유재권,,
에어코리아(주),이창수,,
한국기술경영연구원,주성종,"서울 은평구 서오릉로4길 11 주리원빌딩, 한국기룻경영연구원",02-309-1066
제씨앤파트너스,신재춘,서울 강남구 테헤란로20길 10 11F,02-6200-9750
NH농협생명,김승수,서울 서대문구 통일로 87,02-538-5439
(사)한국섬유의류기술사회,염삼주,,
노무법인 새오름,배세욱,경기 성남시 분당구 돌마로 68 분당프라자 208,031-756-1709
맥스컨설팅(주),조윤재,경기 안양시 동안구 시민대로 361 에이스평촌타워 506,02-3474-0906
경영지도사,두경용,경기 파주시 운정로 2 경안주택 4동204호,010-7164-2781
000,임철권,,
한국경영기술지도사회,윤여봉,,
키포유앤키월드,김미숙,서울 영등포구 국회대로74길 20 맨하탄21 리빙텔 501호,02-1661-0878
CNM MANAGER,박진영,경남 창원시 마산회원구 석전동4길 32 2층,055-251-1148
넥스트경영컨설팅,강선재,인천 남동구 선수촌공원로 1 구월테크노밸리 D동 409호,
드림경영컨설팅(주),장근일,광주 서구 치평로 124 케이원오피스타운 722호,062-363-0780
(주)엠아이씨유,이근호,,
뉴텍인더스트리,문형선,,
무역외환거래연구소,조규원,서울 영등포구 의사당대로1길 11 302호,02-304-3471
비전컨설팅,전정남,,
(주)비전경영기술원,이경수,"부산 사하구 낙동대로 542 2층 205호(하단동, 대우에덴프라자)",051-205-4648
다산경영정보연구원,문승권,,
점포컨설팅 및 자자체컨설팅,신창락,,
김병균,김병균,전북 전주시 완산구 전룡6길 27 금송빌401호,063-254-9805
(주)기업혁신센터,유재권,,
크리젠트컨설팅,최정규,경기 화성시 동탄숲속로 69 833동 401호,02-3474-9669
(사)한국평생교육협회,이재영,,
(주)경영기술컨설팅서비스,이성준,인천 부평구 부개로 58 111-1402,
경동대학교,안길찬,,
기업성장지원센터(주),홍봉기,경기 안산시 상록구 중보로 51 한미오피스텔 305호,031-407-0733
표준협회,이상진,,
(주)한국경영경제연구원,황교선,경기 고양시 일산서구 고봉로329번길 5 에이스9차@104동1001호,031-911-5002
윤경영지도사무소,윤좌영,서울 강북구 삼양로74길 36 (미아동),
한국산업훈련본부,김종복,부산 해운대구 청사포로 27 110동 2002호,010-2553-5567
(주)기업혁신센터,유재권,"서울 영등포구 국제금융로8길 34 34, 706호",02-6674-4949
(주)비젼시앤이,방종운,,
EM경영컨설팅,윤성준,경기 김포시 유현로 215 217동 8층 2호,010-8946-9002
중앙리스크관리,이찬희,경기 수원시 영통구 청명북로 33,010-6787-8159
알앤디무역투자컨설팅,양경수,서울 광진구 아차산로29길 24-7 다성리버텔310,02-455-4824
현대창업컨설팅주식회사,김광종,울산 남구 왕생로 88 3층,052-261-9100
백석에술대학,임성빈,,
세진,임영석,,
이노코리아컨설팅그룹(주),오종찬,,
아이이씨,천성부,경기 시흥시 산기대학로 237 한국산업기술대학교 기계공학과 비지니스센터 702호,031-8041-0413
(주)푸드마스터그룹,박형수,서울 종로구 율곡로 215-6 나린빌딩 4층,02-6925-6363
로고스상담센터,정대권,서울 송파구 동남로18길 41,02-407-6503
베스트웨이경영,이한일,서울 금천구 시흥대로 97 2동 213호,02-2649-9004
(주)포인사이트,김성호,서울 송파구 송파대로 167 에이동 4층 413호,
SAEG,김효래,,
(주)비전경영기술원,이경수,"부산 사하구 낙동대로 542 2층 205호(하단동, 대우에덴프라자)",051-205-4648
(주)기업혁신센터,장인국,,
에이스트리플컨설팅그룹,노백경,,
(주)기업혁신센터,유재권,,
비엔에프컨설팅,진성은,경기 성남시 분당구 분당로53번길 12,031-701-7633
이씨플라자(주),박인규,서울 강동구 강동대로 143-40 신호파크뷰 1층,02-476-1144
한국진단연구원,안국현,,
(주)아이비에스컨설팅,노언필,,
한국알앤디컨설팅(주),유명남,서울 서초구 효령로49길 57 203동 201호,02-581-7545
CMI 센타,윤철오,경남 김해시 우암로 106 304-401,
AMI경영컨설팅,조익권,서울 강남구 압구정로30길 23 미승빌딩6층,02-514-5420
주식회사 글로벌경영기술원,장복수,광주 서구 매월2로 53 238호,062-262-9696
주식회사 글로벌경경기술원,장복수,광주 서구 매월2로 53 236호,062-262-9696
(주)유닉스 에스엔티,안대명,,
한국식품정보원,이상호,,
magnachip,김영준,,
(사)한국경영혁신중소기업협회,김정태,서울 종로구 종로 408 신용보증기금(동대문지점) 5층,02-2230-2108
한국산업경영기술연구원,이시호,대구 달서구 학산로2길 39 102동 703호,
한국알앤디컨설팅(주),유명남,서울 서초구 강남대로 309 코리아비지니스센터 1614호,02-6672-1100
(주)텔리아네트웍스,김윤열,,
김도진,김도진,,
한종관,한종관,"서울 용산구 백범로90다길 12 201동 1602호(문배동, 용산CJ나인파크)",02-351-4021
한국경영혁신중소기업협회,김정태,"서울 용산구 백범로90다길 12 201동 1602호(문배동, 용산CJ나인파크)",02-351-4021
골드지식경영전략원,김윤정,충북 제천시 고명로6길 63,043-642-1330
한국능률협회컨설팅,추교민,,
(주)에스이경영전략연구소,나춘수,서울 영등포구 영등포로 39 3동211호,02-2677-6612
유아이티,여홍구,"서울 강서구 금낭화로23길 8 103동 701호(방화동, 동성아파트)",02-2664-9740
세무법인 굿택스,구재이,서울 강남구 테헤란로87길 17 903호(마젤란 21 아스테리움),02-541-2259
휘파트너스,서광원,,
(주)엠임팩트씨엔씨,윤응창,서울 금천구 가산디지털1로 205-28 A동 309호,02-784-6644
사업전환연구소,백승범,서울 중구 퇴계로 362-1 사업전환연구소,02-2235-2286
품질경영기술원,이승남,경기 성남시 분당구 구미로 16 1동 565호,
없음,김명원,,
공인노무사 이종욱사무소,이종욱,,
벤처진흥원(주),최흥묵,"대전 유성구 가정북로 96 410호 (장동, 대전경제통상진흥원)",042-864-2231
리더스경영컨설팅,김민선,서울 강남구 테헤란로29길 5 동림빌등 4층,02-556-3891
정도티시에스,박정옥,부산 부산진구 가야대로 749-1 1201,051-817-6625
SK중소기업지원,김성국,경남 김해시 월산로 120 부영아파트602동402호,
삼성알앤디(주),이보성,인천 남동구 구월남로260번길 4 삼화상가,032-469-0770
교육연구법인 에듀자인,채영제,경기 수원시 장안구 송원로 10 송죽프라자 232호,031-268-6916
금호기술,정래현,서울 구로구 구로중앙로 198 비동 121호,02-535-9821
미래경영정보원,김우명,서울 동작구 상도로53길 8 323동1104호,02-876-3570
정도티시에스,박정옥,,051-817-6625
(주)기업혁신센터,유재권,,
중소기업경영지원쎈터,한기호,경기 수원시 권선구 효원로 268 6층,031-232-1577
경영지도사,심현식,,
삼성알앤디(주),이보성,인천 남동구 구월남로260번길 4,032-469-0770
아이티씨지(주),신철,서울 금천구 가산디지털1로 30 1101호,02-2627-5588
윈 파트너스(주),이덕희,,
(주)지니비에스컨설팅,이정훈,서울 영등포구 도신로62길 18 3층,02-780-0493
혁신전략컨설팅(주),최제선,광주 광산구 하남산단8번로 177 경제고용진흥원706호,062-951-5008
태림경영컨설팅사무소,김기웅,부산 부산진구 전포대로200번길 27 5층(강남메디컬 센터),051-914-5556
(주)글로벌경영기술원,장복수,전남 여수시 장군산길 18-43 경영회계과,061-650-4033
(주)기업혁신센터,유재권,서울 영등포구 국제금융로8길 34 오륜빌딩 706호 (여의도동),02-6093-4949
(주)기업인증센터,김인봉,서울 영등포구 국제금융로8길 34 706호,02-6674-4949
티엠에스컨설팅(주),강덕수,,
SD컨설팅,이원찬,,
(주)중소기업경영원,안육봉,서울 구로구 가마산로 229 3층,02-862-2491
(주)테크빌,박해연,,
kc아카데미,김승원,,
한경기업자문,김구섭,"서울 강남구 논현로26길 50 301호(도곡동, 테크윈센터)",02-730-1842
한국경제연구원,정부일,,
(주)다움씨엔씨,권기환,서울 중랑구 상봉로 75 경영빌딩 2층,02-2207-1207
한국기업미래경영원,김대임,"서울 서초구 남부순환로 2497 (서초동, 호서빌딩)",02-525-5926
한국CM기술원,황효수,서울 송파구 위례성대로 128 CM(정화)빌딩,02-420-5388
C&C 컨설팅,박효근,경남 창원시 마산합포구 현동9길 14 중흥S클레스 상가 104호,
전남경영기술협동조합,장복수,전남 여수시 장군산길 18-43 경영회계과,061-650-4033
노무법인 이언,임성호,서울 강남구 언주로 432 8층,02-562-0368
어큐멘경영컨설팅,안운호,서울 노원구 노원로 532 주공아파트 920-1502호,02-939-5782
이어도법인,장순호,,
농협,임창덕,,
21C비즈니스창업(주),함정식,충북 청주시 흥덕구 1순환로 588 신영빌딩4층(봉명동),043-264-0522
씨앤아이엠그룹,강원혁,,
아태기업자문연구소,이윤호,서울 동작구 보라매로7가길 22 344-148,02-813-3343
혜전대학교,강병남,,
엠티아이경영컨설팅,최찬호,,
(주)마이비즈컨설팅,육무영,,
(주)엠아이씨유,이근호,,
D K C & C,백승준,서울 강동구 천중로54길 29-11 301호,02-470-9988
(주)에프브이엠씨,김재철,경북 경산시 진량읍 선화로20길 23-1 상가107-111호 윤성코아,053-852-5526
(주)지티티비,박용선,,
티앤비경영연구원 협동조합,이미경,서울 마포구 새창로 11 1229호,02-337-6112
백송씨앤디,김진아,부산 강서구 신호산단2로 69,051-831-2298
장수기업전략연구소,최명기,경기 용인시 처인구 모현면 곡현로619번길 56-12 밀례,031-334-5553
(주)드림캐쳐스,이재홍,,
서일대학교,우태희,,
현성,조현성,,
여명창업클리닉,서효원,,
(주)하나경영전략연구원,김병욱,서울 영등포구 국회대로74길 20 403호(여의도동 맨하탄빌딩),02-786-5814
K&D경영컨설팅,김학문,서울 강서구 양천로 564 두산위브810,02-2668-9988
한국경영연구원,이외수,경기 하남시 신장로149번길 16,031-795-4079
이노경영기술원(주),김희철,대구 달서구 호산로 47 (주)공성 3층,053-588-2191
중소기업청,우만성,경기 수원시 영통구 반달로 87 (영통동),031-201-1021
빅파워코리아,김진영,경남 김해시 한림면 안곡로492번길 26-2,055-346-6747
(주)이노솔루션,안상훈,,
일신세무&경영컨설팅,국순권,서울 영등포구 영등포로27길 11,02-2069-2485
(주)TRE그룹,김국현,충남 당진시 당진중앙1로 59 당진세무서 별관201호,041-352-8055
(주)중앙경영연구소,최정권,인천 연수구 갯벌로 12 806호,032-260-0509
우재수,우재수,,
한국경영컨설팅,이종신,광주 북구 군왕로105번길 124 (두암동),062-262-1037
(주)화인경영컨설팅,류만희,"서울 구로구 디지털로26길 5 814(구로동, 에이스하이엔드타워)",02-6220-6220
기술경영지도협동조합,최영배,부산 부산진구 엄광로 176 동의대학교 본관605,051-890-2859
경영지도사이영식,이영식,대구 중구 경상감영길 145 2-2,053-744-1273
삼정코퍼레이션,정기천,서울 금천구 시흥대로152길 11-43 삼부르네상스플러스 1515호,02-582-7600
(주)메리트,이근열,,
지후컨설팅,서광용,,
개인,어영효,,
(주)한성브릿지,이동욱,"서울 강남구 도곡로3길 25 6층 608호(역삼동, 삼성애니텔)",02-2051-1247
와이아이컨설팅,오영일,서울 은평구 갈현로37가길 8-3,02-359-3187
앞선기술경영연구원,백일태,"대구 수성구 달구벌대로649길 22-7 신매동, 대구은행 3층",053-791-5630
박수성,박수성,,
신생산경영원,박진균,경기 수원시 영통구 청명남로50번길 21-8,031-205-1588
이스코,김경진,경기 성남시 중원구 둔촌대로101번길 27 8층302호,031-595-8091
정우경영컨설팅그룹(주),서정렬,,
드림스타트컴즈,김승용,전북 익산시 선화로 187-2 3층,063-000-0000
KH경영컨설팅,김관호,서울 성동구 금호산길 8 103-1201,070-7523-8741
세이룰경영컨설팅,김택수,인천 부평구 원적로416번길 20 102-403(산곡동),032-512-3690
대진건설(주),김성철,경남 진주시 진양호로 612 (옥봉동),055-762-1805
강길원경영지도사,강길원,,
글로벌지속경영연구원,배인숙,,
솔로몬경영개발원,김내동,,
(주)에스이파트너센터,이정환,서울 구로구 구로중앙로18길 5 현대오피스 603호,02-855-1555
노무법인상생,정범진,서울 강남구 선릉로 630 동화빌딩2층,02-539-2114
늘푸른경영,윤봉주,광주 동구 제봉로98번길 5 (장동),062-384-1459
와이즈비즈컴퍼니,김대규,경기 안산시 단원구 한양대학로 130 양지마을아파트 106-203호,031-410-2814
참경영컨설팅,김정수,,
(주)노아컨설팅,안성영,,
(주)미래기술연구소,하언태,경남 창원시 성산구 삼정자로 79 113동1203호,055-284-8563
그린아임스,차덕선,,
넥스트비앤씨,홍재기,경기 고양시 덕양구 대주로107번길 97-4,031-968-4545
(주)세종경영컨설팅,한우수,부산 해운대구 센텀동로 99 벽산e-센텀클래스원706호,051-731-7151
두원경영컨설팅,조창규,,02-596-5418
준컨설팅(주),김홍기,,
(주)비제이글로벌,박병수,서울 서초구 서운로 160 팔레스빌딩 902호,
기술경영연구소,권기철,,
중소기업진흥회기업경영지원단,김남정,"서울 영등포구 은행로 30 10층,중소기업진흥회",02-785-6526
김용언,김용언,,
Fugen21c 기술컨설턴트,장태휘,"대구 수성구 동대구로 386 1215호(범어동, 킹덤오피스텔)",053-746-0029
정태곤,정태곤,,
한국경영지원컨설팅,박덕환,경기 고양시 덕양구 벽제관로 45-10 화성아파트 101동 708호,070-8615-5930
합동창업지원(주),안형근,대전 대덕구 대화로 160 6동 223호,042-670-4049
(주)이아이씨,천성부,경기 화성시 동탄나루로 55 647=1103,031-377-1162
멘토스경영컨설팅(주),이상훈,,
중소기업진흥공단,주상식,,
비젼기업컨설팅(주),윤범식,,
동인비즈넷주식회사,장동관,,
어니스트경영컨설팅,이제빈,서울 양천구 목동동로 233-1 현대드림타워 1319,02-2651-8500
경영지도사보수교육,서형우,,
한국진단연구원(주),안국현,,
이래정보(주),한동섭,경기 안양시 동안구 엘에스로 92 10동 211로,070-4130-1000
없슴,송경환,,
에스앰비즈파트너,심형철,서울 영등포구 신길로 119 103-702호,02-2636-7633
케이 경영컨설팅,강갑선,,
(주)비즈니스포커스,원종표,서울 구로구 경인로 584 102-1403 (주)비즈니스포커스,02-6221-9259
제이디 경영연구원,김찬식,,
(주)비즈텍,박옥균,부산 금정구 금강로 682-10 아이티밸리빌딩4층,051-515-9006
노아컨설팅,안성영,서울 서초구 서초대로54길 9-10,02-2689-4538
aj컨설팅,장손,,
(주)MBI컨소싱그룹,최석재,,
(주)APEC CBC,이원행,서울 구로구 디지털로 319 현대A 303-605,02-861-0114
경영시스템(주),최병대,인천 계양구 장제로 863 시티오피스텔  507호 경영시스템(주),032-545-9031
창업경영기술연구원,유기연,"전라북도 전주시 완산구 중산3길 10 (중화산동2가, 에덴파크빌) 에덴파크빌B동302호",063-222-4514
창업경영기술연구원,유기연,,
호서대학교,박남규,,
경기POST BI,이성웅,"서울특별시 강남구 삼성로 14 (개포동, 주공아파트) 마 106-1",02-445-0560
임병국 경영지도사 사무소,임병국,,
해솔창업투자,김영재,,
cno파트너즈,김기백,"서울 강남구 강남대로 456 (역삼동, 한석타워) 13층 cno파트너즈",02-3443-0577
한국전문가협동조합,강영규,,
(주)보리엠디자인,이치우,"서울특별시 강동구 고덕로 210 (명일동, 삼익그린맨션) (명일동, 삼익그린맨션) 505-902호",02-6287-1041
이부일컨설팅,이부일,"서울특별시 송파구 오금로62길 10 (거여동, 쌍용스윗닷홈 거여역1차) (거여동, 쌍용스윗닷홈 거여역1차) 쌍용스윗닷홈 102-703",02-402-3266
하나경영지도사,김상표,,
한국기업평가컨설팅,한재현,"대구광역시 북구 공항로15길 8 (복현동, 복현2차서한타운) (복현동, 복현2차서한타운) 105-502호",053-384-0669
비즈혁신센터,이석태,"경기도 안산시 상록구 건건로 131 (건건동) (건건동, 현대월드프라자) 4층 405호",031-407-3333
정다운,박형욱,"경기 안양시 동안구 경수대로 458 (호계동, 호계2차현대홈타운 상가동)",
(주)탑기술경영연구원,이종진,,
한국교통대학교,김영호,충청북도 충주시 대소원면 대학로 50 한국교통대학교 사회과학대학 경영학과,043-841-5434
BNU 컨설팅,임철,,
(주)드림이앤씨,황조익,경기도 안산시 단원구 동산로 48 (원시동) (원시동)지원회관302호,031-493-3838
이레컨설팅,이기영,"경기도 수원시 권선구 매실로53번길 10-13 (호매실동, 미덕빌라) 102호",070-7530-1150
주)영진경영법인,오기훈,,
정평경영컨설팅,이규진,,
-,이기억,,
이근태,이근태,,
손경익,손경익,,
주식회사 기업가치성장연구소,김세윤,"경기도 안산시 단원구 광덕1로 163 (고잔동) 207(동남레이크빌2차,고잔동)",031-410-5854
(주)콤파스컨설팅,이호정,,02-542-9861
주식회사 기업가치성장연구소,김세윤,"경기도 안산시 단원구 광덕1로 163 (고잔동) 207(동남레이크빌2차,고잔동)",031-410-5854
한국경영연구원,박성휘,,
신안경영품질원,안규선,서울특별시 영등포구 당산동2가 영등포유통상가 30-2  2층바28호,02-2678-5944
국제산업경영컨설팅,이광식,인천광역시 서구 완정로34번길 47,032-567-2606
한국산업경영자문(주),양홍만,,
리&파트너스법률사무소,정해옥,"서울 서대문구 모래내로 411 102-801호 (홍제동,홍제금호어울림)",02-423-0229
인천정보산업진흥원,최순영,인천광역시 남구 경인로 229 (도화동) 19층(인천IT타워),032-250-2151
(주)씨이경영컨설팅,양석균,경기도 부천시 원미구 소향로13번길 14-16 (상동) 대맥프라자 704,032-328-9340
기업인증센터,김인봉,,
(주)글로벌경영컨설팅,강민수,경기도 군포시 공단로 356-54 (산본동) 금정삼성쉐르빌 B동 1902호,031-394-1324
솔로몬경영연구소,이인식,"경기도 용인시 기흥구 신촌로47번길 11 (보정동, 신촌마을포스홈타운2단지아파트) 포스홈타운 303-103",031-897-7371
아이비즈컨설팅그룹,장재영,"경기도 하남시 덕풍서로 45 (덕풍동, 휴먼시아꽃뫼마을2단지아파트) 휴먼시아203동 304호",070-7528-5545
중앙여자고등학교,박상학,,
주식회사 소상공인타임즈,조용식,"서울특별시 강남구 테헤란로 323 (역삼동) 704호 (역삼동, 휘닉스빌딩)",070-8260-1833
한빛경영연구소,노창주,광주광역시 북구 용봉로 45 (용봉동) 전남대학교 산학협력공학관 706호,062-530-0487
없음,조준희,,
(주)카플란경영컨설팅,장좌환,,
에스엠컨설팅그룹,임성래,,031-8041-0474
itcg(주),신철,전라남도 나주시 영산포로 200,061-334-3292
글로벌경영자문,전인수,,
세동경영컨설팅,천행관,광주광역시 서구 농성1동  269-8 거송빌딩 9층,062-366-0011
한국창업진흥원,김종열,,
(주)다산경영정보연구원,문승권,,
(주)삼정종합컨설팅,이종희,광주광역시 남구 백운로5번길 50 (백운동) 백운2동 644-32,062-227-2251
(주)한국기업경영기술원,이정복,대구광역시 동구 화랑로80길 13 2F,053-986-3246
대전테크노파크,전의진,대전광역시 유성구 테크노9로 35 (탑립동) 대전테크노파크 지역산업지원단,042-930-2945
(주)원컨설팅,조상종,,
한국소상공인진흥협회,문정,경상남도 창원시 성산구 안민로101번길 27,055-262-6300
앤유아이엔씨(&u inc),김승환,"서울특별시 강서구 화곡로13길 107 (화곡동, 화곡푸르지오) 110-103",02-6120-6096
(주)한국기업결영기술원,이정복,,
송정호,송정호,,
해서경영지도사무소,윤선희,경기도 고양시 일산동구 무궁화로 32-12 (장항동) 라페스타E동 4층,031-816-2382
씨엠씨경영컨설팅,김교명,경기도 화성시 경기대로 1061 (진안동) 3층,031-221-1893
여명환경클리닉(주),서효원,,
(주)티비에스파트너스,이동규,부산광역시 사상구 백양대로700번길 140 (괘법동) 신라대학교 공학관 211호,051-911-3330
엠투아이앤씨,윤승기,,
한국경영회계연구원,조현석,,
임동민세무회계사무소,임동민,,
창업경영기술연구원,유기연,,
다빈치경영컨설팅,황윤택,서울특별시 관악구 관악로 1 (신림동) IBK커뮤니케이션센터(64동) 창업지원센터 3호,
(주)에스이경영전략연구소,나춘수,,
CS 컨설팅,이길곤,부산광역시 북구 시랑로 48 (구포동) 웁스차이나 건물 4F,051-902-8158
휴먼웰경영컨설팅,심석진,"서울특별시 노원구 섬밭로 123 (공릉동, 공릉3단지아파트) 303-1011",02-2696-6657
경영시스템연구원,이제동,대구광역시 동구 경안로 766 (동호동) 2층,053-963-1581
다래기술경영컨설팅(프리랜서),강덕일,,
FRM,김장래,서울 양천구 신정동 목동아파트 14단지,010-5577-3777
(주)에스엠파트너스,이영섭,충북 청주시 흥덕구 복대동 154-1   3층,042-934-7241
(주)제이씨엠,이현태,광주 서구 치평동 디오빌 416호,062-234-3325
주식회사 에스엔비재무진단,신범식,서울 송파구 가락동 제일오피스텔 1507호,02-400-6110
(주)지평기업진단평가,김성식,서울특별시 서초구 강남대로10길 6 (양재동) 삼화빌딩 502호,070-7520-2309
WIN컨설팅그룹,권순석,부산 부산진구 범천동 범천LH아파트,051-892-6648
에스엠경영연구원,박상문,전북 군산시 수송동 100 세영리첼아파트 103-1205,010-8607-2731
KYP Comsulting.LLC,김형주,4808 Carriagepark Rd 서울 노원구 중계4동 주동 2단지 207동 103호,
ㅁ,반기수,"인천광역시 남동구 호구포로739번길 104 (구월동, 영빈맨션아파트) 영빈아파트902호",01087635321
(주)제이엘코리아,정영모,경기도 수원시 팔달구 권광로175번길 36 (인계동),010-9170-8551
주)기업인증센터,유재권,서울특별시 강동구 올림픽로93길 24-5 (암사동),010-6324-8808
무,안경찬,세종특별자치시 국책연구원1로 15 903-902,010-5421-4487
다호,박재현,경기도 수원시 팔달구 매산로 103 (교동),031-247-3275
RTB컨설팅,황지연,"경기 안양시 동안구 관양동 안양시 동안구 관평로 327번길 11, 현대빌딩 402",031-416-8189
BMI,임원호,대전 중구 중촌동 금호아파트 11-608,042-482-1371
경영명인,서형호,대구 달서구 월성동 월성푸르지오109동1702호,01025313000
조태규,조태규,"대구광역시 수성구 동원로 110 (만촌동, 메트로팔레스3단지) 메트로팔레스 308동 1406호",053-8856-2166
(주)싱크시드,김대석,경기도 광명시 한내로13번길 6-7 (소하동) 202호,02-802-3506
지도사등록자,최광민,부산 해운대구 좌동 대림1차 아파트 113동 104호,01030105003
한국전력,김영탁,전북 전주시 완산구 중화산동2가 현대에코르아파트 110동 1305호,063-2685-5790
일암컨설팅,안계수,경기 용인시 수지구 신봉동 신LG자이2차아파트 220-1105호,010-7562-0727
티엠에스컨설팅(주),강덕수,경상남도 창원시 의창구 차상로18번길 46 (팔용동),055-210-0907
덕경,이현희,서울 성동구 성수2가3동 성수아카데미타워 1510호,02)464-7339
성은테크,박남영,경상남도 창원시 의창구 신월로85번길 5 (신월동) (신월로85번길 5),055-299-8888
창조경영연구소,윤치영,서울특별시 동작구 서달로12가길 19 (흑석동) 3층,010-6322-6011
윤장섭 중소기업경영연구소,윤장섭,서울특별시 광진구 능동로16길 13 (화양동) 윤성빌딩 3층,02-455-8195
다도경영기술,천병국,경남 마산시 석전동 146-14 일우아파트 가동1503,010-7600-8010
우전성업,장재덕,경기 수원시 영통구 영통2동 신나무실6단지아파트 신원아파트644동403호,031-305-7005
한국종합경제연구원,권형남,"서울특별시 동작구 흑석한강로 27 (흑석동, 흑석한강푸르지오) 흑석한강푸르지오 102-404",02-584-1091
팀품질경영,최상준,경기 성남시 분당구 분당동 샛별마을라이프아파트 107-2005,010-9004-1402
(주)이엠포커스,유재성,서울 서초구 잠원동 라성빌딩 4층,070-4671-8703
(주)미래경영연구소,추순진,대구광역시 수성구 달구벌대로 3116-1 (시지동) 아트빌딩 4층,053-801-3312
(주)탑경영컨설팅,진영곤,경남 마산시 양덕동 94-1 메트로시티 106동 904호,010-8500-9031
주호식,주호식,부산 해운대구 우1동 롯데아파트 3-1004,051-741-7747
",",유만수,서울특별시 강서구 화곡로63길 93 (등촌동) 신송타워305호,02-3664-5729
JYC컨설팅,장영채,"서울특별시 강서구 양천로66길 6 (등촌동, 삼성한사랑1차아파트) 삼성한사랑아파트 102동 1305호",01033479405
아이티씨지,신철,경기 파주시 교하읍 다율리 청석마을대원효성아파트 912동 1504호,01052689908
미등록,우창완,서울 서대문구 북가좌동 144 삼성래미안 307-901,01090021247
센텀특허법률사무소,박명흠,부산광역시 해운대구 센텀중앙로 48 (우동) 에이스하이테크21빌딩 1004호,051-746-6751
미래경영컨설팅,김종희,경상남도 밀양시 상설시장2길 5 (내일동) 5층,010-2503-4576
고영심1,고영심,서울 강북구 송중동 경남아너스빌아파트 111,02-5411-2147
한국기업연구원,정관우,부산 금정구 청룡동 정룡로 33 사랑의빌딩 4층,051-508-8006
플러스 테크,이우택,서울특별시 중구 다산로 134 (신당동) 305호,02-2234-2013
멘토경영컨설팅,김용규,서울 관악구 서원동 10-519 신안빌라302호,02-907-7333
(주)한국창업경영기술원,심재한,경기도 안양시 동안구 시민대로 161 (비산동) 안양무역센터 8층 타호비즈니스센터 321호,031-380-6911
참길 기업경영연구소,장광식,대전 서구 유등로 641 7층,010-5458-9376
리건 경영컨설팅,김종원,광주광역시 북구 빛고을대로 791 (용두동),010-3234-8482
성하 경영기술연구원,이성하,제주특별자치도 제주시 남녕로 7 (노형동),064-742-8852
(주)부원영경영지도법인,부원영,서울특별시 도봉구 마들로 664-5 (도봉동) 그랜드타워 301호,02-6317-8972
김재문회계경영진단사무소,김재문,부산광역시 부산진구 새싹로 41-1 (부전동) 행복빌딩 303호,070-7379-4673
한국미래연구소,김흥수,경기도 수원시 영통구 광교마을로 156(광교마을 40단지) 4005동 1604호,010-8654-6900
정평경영컨설팅협동조합,전해운,"서울 동작구 사당3동 현대아파트 서울시 동작구 사당로 17길, 111 1동205호",01077368705
도일,이병욱,경기 수원시 장안구 조원동 한일타운 122-2002호,031-256-7290
(주)안심경영컨설팅,김형수,전라북도 전주시 덕진구 송천로 36 (송천동1가) 장한빌딩3층 (주)안심경영컨설팅,063-275-7525
Free,우호영,인천 부평구 부개2동 대동아파트 6-608,010-2662-8303
민 컨설팅,민희승,"서울특별시 강남구 양재대로55길 12 (일원동, 수서아파트) 110동 210호",01094450744
경영지도사,사공현,인천 연수구 선학동 선학아파트 115동 302호,01049147344
(주)LMC,이상철,서울 영등포구 여의도동 44,01052217516
Midas경영컨설팅,김갑인,경기 성남시 분당구 삼평동 봇들마을 907-304,031-703-1170
이충훈,이충훈,경기 고양시 덕양구 화정동 은빛마을563-1103,01035137000
새롬경영세무사무소,한정숙,경기 수원시 영통구 망포동 방죽마을영통뜨란채아파트 1006동 1604호,01089737555
박양호,박양호,서울특별시 강북구 수유로 35 (수유동),029891355
(주)한국경영정보,김종대,경상남도 창원시 의창구 신월로85번길 5 (신월동),055-299-8888
(주)에스이경영전략연구소,나춘수,서울 영등포구 양평동1가 기계상가 247  3동 207호,552-6363
위드경영지원파트너,이정복,대구 동구 용계동 은하아파트 A-408호,053-986-3246
펨토하이테크,배국철,경상남도 양산시 번영로 469 (소주동),055-365-2001
기업전략연구원,서정태,경기도 안산시 상록구 건건로 97 (건건동) .203호,01085458383
위너스 디앤씨,안경선,서울 금천구 시흥동 97,010-5929-8735
(주)동남기업컨설팅,오점식,경상남도 창원시 의창구 대산면 봉강가술로559번길 21,055-251-8089
에스엠에스코리아,한순덕,"경기도 용인시 수지구 심곡로 81 (상현동, 삼성쉐르빌)",025619411
원경영연구소,원형연,광주광역시 서구 상무화원로32번길 29-9 (치평동),0623821883
비즈컨설팅그룹,이용무,서울 동작구 대방동 주공아파트 207-1305,010-2264-0053
국제기계학원,정영식,경상남도 창원시 성산구 충혼로175번길 34-13 (반지동),055-248-2589
신평경영컨설팅,박연갑,광주광역시 서구 상무화원로12번길 4 (치평동),062-385-2580
큐피에스,김대기,경남 창원시 명서동 명곡아파트 두산위브아파티 117-404,010-5202-5872
에이더스,조원진,서울 강남구 역삼동 성지하이츠 3차 1316호,02-556-1682
(사)한국경영기술지도사회,이남기,서울특별시 강남구 테헤란로7길 12 (역삼동) 허바허바빌딩 4층 401호,02-569-8121
케이엠아이컨설팅,박희재,서울특별시 영등포구 국제금융로 108 (여의도동) 은하빌딩 6층,02-783-9434
와이에이치컨설팅,김영하,"서울특별시 강동구 상일로 152 (강일동, 고덕리엔파크1단지아파트) 고덕리엔파크아파트 104-503",011-9915-7530
에스앤엠테스크,김범수,경기 안양시 동안구 호계2동 337  흥화브라운빌 101-807,031-422-6900
지명,유지호,서울 강남구 역삼동 쌍용,0116756255
김계환,김계환,경남 창원시 용호동 대한적십자사경남지사 2층,055-266-9009
pine.hill.korea,신태호.신승수,"서울특별시 서초구 서초중앙로 206 (반포동, 삼호가든맨션) 삼호가든맨션디동 802호",02-6677-4787
코리아피엠씨,성남주,경상남도 창원시 의창구 북면 천주로 498,055-296-9889
(주)동행,윤석호,"서울특별시 송파구 중대로23길 20 (가락동, 우정에쉐르) 우정에쉐르 602호",010-4562-1017
한국경영기술상담(주),김수현,광주 북구 동림동 호반베르디움아파트 506-301호,010-5624-3535
(주)산업경영연구원,조형제,대구광역시 달서구 구마로 100 (본동),053-564-6008
(주)산업경영연구원,조형제,대구광역시 달서구 구마로 100 (본동),053-564-6008
인스프라,안성범,대전광역시 서구 대덕대로 408 (만년동) 테크노월드 725호,042-610-6400
인스프라,안성범,대전광역시 서구 대덕대로 408 (만년동) 테크노월드 705호,042-610-6400
에이치알프라임,김성희,서울 서초구 서초2동 1337-2 현대골든텔 816호,02-597-1231
CS경영파트너,금병춘,경기 부천시 오정구 삼정동 부천테크노파크쌍용3차 401동610호,070-8255-8936
혁신창업개발원,조병무,대전 동구 판암동 주공 아파트 202-1305,010-5436-5461
대원IB(주),허만석,서울특별시 금천구 가산디지털1로 84 (가산동) 에이스하이앤드타워 8차 1301호,02-6123-5655
에스앤씨경영컨설팅(주),인묘환,서울특별시 구로구 디지털로26길 5 (구로동) 에이스하이엔드타워 814호,02-6220-6220
(주)열림기업진단평가법인,김정현,인천광역시 남동구 은청로 16 (고잔동) 동아빌딩 304호,070-8835-3460
참조은컨설팅,정해옥,서울 송파구 잠실동 엘스아파트113-2701,010-3277-8171
중소기업상담회사,김석출,대구 서구 중리동 중리롯데캐슬아파트 118동 302호,010-5530-3546
한국재무설계,김상인,울산광역시 남구 삼산로 209 (달동) 주한빌딩10층,052*226-6625
세우경영자문,오세국,경상남도 창원시 의창구 중앙대로227번길 16 (용호동) 경남교원단체총연합회 본관 1층,055-248-4686
한국비즈컨설팅,이상화,서울특별시 마포구 와우산로10길 28 (상수동) 501호,01032110017
한국비즈컨설팅(주),이상화,"서울 서초구 양재동 266-1,  우진빌딩 201호",02-576-8305
SMB 컨설팅,문병선,경기 남양주시 호평동 중흥S-CLASS아파트 1317-1605,01097313272
한국전력,전재성,서울특별시 강남구 영동대로 512 (삼성동) 한전 기술기획처,02-3456-0000
주)신한경영법인,장순호,제주 제주시 이도2동 1016-19(1층) 제주시 의정동우회,064-721-3123
(주)인덕,정성희,경남 창원시 남양동 성원아파트 201동 403호,010-3592-6851
없음,,경남 창원시 팔용동 원풍벽산 308-606,010-4455-0079
진명인베스터,정진문,"서울특별시 동대문구 고산자로30길 15 (용두동, 진 하우스) 진하우스501호",010-3569-6403
진명인베스터,정진문,"서울특별시 동대문구 고산자로30길 15 (용두동, 진 하우스) 진하우스501호",02-548-9797
부래경영원,김재수,경기 군포시 당정동 경기도 군포시 당정동 대원칸타빌 105-701,010-3762-0211
신경영기술연구소,이수식,부산 북구 금곡동 한솔아파트 56-1,0513121162
000000,조현수,부산 금정구 구서동 선경3차 아파트,051
엠티오티아웃소싱,정상희,경기 동두천시 생연1동 우성아파트 101동 1411호,010-3361-1383
(주)탑기술경영연구원,이종진,인천광역시 중구 우현로 70 (용동) 4층,010-5221-7516
프라임경영연구원,윤진기,경기 수원시 팔달구 갓매산로76번길 9 (고등동) 201호,031-246-7799
(주)코스믹비지니스컨설팅,원경훈,경상남도 양산시 서창로 223 (삼호동),01025656502
[주]한국CM기술원,황효수,서울특별시 송파구 위례성대로 128 (방이동) CM빌딩5층,02-420-5388
스카이상담회사,신성일,경기 성남시 분당구 서현동 시범단지우성아파트 217-501,010-3662-3909
경영컨설팅,김명식,서울 관악구 서림동 신림현대아파트 105동 309호,01062418356
유피에스컨설팅(주),신석환,서울특별시 강남구 강남대로84길 26 (역삼동) 재창빌딩 4층,02-581-1600
(주)유통산업전략연구소,이경원,"서울특별시 서초구 태봉로2길 5 (우면동, 서초네이처힐5단지) 서초네이처힐@ 507-1202",02)565-4366
송무호,송무호,서울 관악구 은천동 관악벽산블루밍아파트 205동 1304호,01052573966
한관섭,한관섭,"서울특별시 영등포구 도신로29길 28 (영등포동, 영등포푸르지오) 영등포푸르지오아파트 215동 1204호",011-9908-0739
(주)국제그린경영컨설팅,홍민희,서울특별시 서초구 강남대로 309 (서초동) 코리아비지니스센터 616호,02-522-5790
펨토하이테크,이정록,경남 양산시 명곡동 양산대학 B.I센타 2303호,055-363-2185
대경경영컨설팅(주),김진숙,인천광역시 남동구 소래역로 28 (논현동) 조은프라자505호,032)832-2882
프라임경영기술컨설팅,안덕호,서울특별시 광진구 강변역로4길 68 (구의동) 리젠트오피스텔 1008호,1566-1298
(주)탑경영진단지도,김면복,인천 서구 검암동 서해아파트 102-301,0324296622
에너지코리아,강철배,"서울특별시 도봉구 우이천로48길 21 (쌍문동, 우이빌라) 우이빌라 1-207",993-2831
미주경영지도사무소,이명진,"경기도 부천시 소사구 성주로214번길 47 (심곡본동, 동남그린타워)",010-3333-3572
(사)중소기업경영전략연구원,최연희,서울 영등포구 여의도동 라이프오피스텔빌딩 815호,02-780-4304
엠피기술,정양배,전남 목포시 산정동 종원나이스빌107동302호,061-273-3767
(주)휴먼브리지컴,조규복,"서울특별시 구로구 가마산로 232 (구로동, 성원상떼뷰) 성원쌍떼빌 715호",010-2285-0067
000,김범대,인천 중구 운서동 창보밀레시티 201동 202호,032-752-3853
미래씨아이씨,이덕희,부산 북구 구포2동 대성아파트 2-607,01055502708
제일경영컨설팅(주),김진석,경기 수원시 팔달구 우만동 신성아파트103-802,010-6524-2540
cmc,김진석,경기 수원시 팔달구 우만동 신성아파트103-802,010-6524-2540
씨앤씨 경영컨설팅,윤준섭,서울 중구 회현동1가 남산SK리더스뷰 월로우 1803호,02-459-7332
bw경영컨설팅,한병우,서울 영등포구 영등포동7가 대동빌딩 304호,02-761-0124
김성철,김성철,"서울특별시 양천구 오목로 299 (목동, 목동트라팰리스 이스턴에비뉴) 목동트라팰리스 이스턴애비뉴 B동 2904호",010-9487-4758
신우,이성호,경상남도 창원시 의창구 중앙대로227번길 16 (용호동) 경남교원단체총연합회별관 1층(신우회계법인),0552640303
전략경영연구원,신종수,대구 동구 각산동 안심효성타운 102동101호,053-963-9266
(주)엠테크컨설팅,최해봉,경기 의정부시 신곡2동 삼성래미안아파트 767-1 105동 805호,031-852-3259
소망축산주식회사,하봉도,경상북도 영주시 원당로 135 (하망동),054-636-9975
서재관,서재관,서울 서대문구 영천동 삼호아파트 104-205,024239880
동방기술연구소,유재승,"서울특별시 서초구 동광로32길 7 (반포동, 삼창골든빌라) 삼창골든빌라 103동 107호",010-2321-3595
kms consuiting,김만석,경기 평택시 동삭동 동삭현대아파트 106-302,031-681-1041
정보처리,장승환,경기 성남시 분당구 금곡동 청솔마을대원아파트 808동1504호,010-9885-3300
그린벤처,박수성,서울특별시 노원구 공릉로58나길 19 (하계동),010-3219-8219
청수기술컨설팅,박광환,광주광역시 서구 학생독립로 13 (화정동) 호반아파트 101동 610호,062-373-0317
세계화경영컨설팅,류중선,"인천광역시 계양구 길마로78번길 3 (효성동, 현대1차아파트) 현대@ 104-1306",032-541-2689
(주)미래경영연구원,장성태,서울특별시 동작구 동작대로 83 (사당동) 헤라피스빌딩8층,02-5858-055
조상영,조상영,서울 양천구 신정동 중앙하이츠블랙102-1105,02-2619-0919
(주)솔로몬경영지도법인,김재각,서울특별시 용산구 한강대로 72 (한강로2가),02-749-1118
우호세무회계사무소,우동호,경기도 화성시 동탄중심상가2길 26-15 (반송동) 지성프라자 107호,031-613-6000
위드세무회계사무소,신용진,경상북도 구미시 송원서로2길 67 (원평동) 2층 위드세무회계사무소,054-454-5900
(주)케이경영연구소,김성환,서울특별시 서초구 서초중앙로 108 (서초동) 케이원빌딩 4층,02-523-9547
(사)한국열병합발전협회,박희웅,서울특별시 서초구 방배천로2길 3 (방배동),02-586-1681
김영섭,김영섭,경기도 수원시 팔달구 매산로116번길 14 (교동) 1층,0312220196
한국전기경영연구원,김영섭,경기 수원시 팔달구 매교동 142-19,031-222-0196
21c비즈니스창업,함정식,충청북도 청주시 흥덕구 1순환로 588 (봉명동),043-264-0522
(주)CE경영컨설팅,양석균,경기도 부천시 원미구 소향로13번길 14-16 (상동) 대맥프라자 704호,032-328-9340
비에스지컨설팅,백성기,경상북도 포항시 북구 양학로 128 (학잠동) 무궁화아파트 가동 106호,010-5523-0013
(주)엠아이씨,백정환,경기도 군포시 농심로60번길 12 (당정동),031 427 6012
지정노무법인,이황구,서울특별시 노원구 한글비석로 245 (중계동) 은행사거리 두타빌딩 A-205,011-449-9044
(주)케이엠경영컨설팅,전종명,서울 영등포구 영등포동1가 영등포2가 245,2677-6612
강의수,강의수,서울 은평구 응암동 115-4  501,02-306-3693
(주)비즈엠텍,정성윤,대구광역시 달서구 장기로 195 (본리동) 종우빌딩 3층 302호,053-522-1472
SMB 컨설팅과 마케팅(주),양태진,"경기도 고양시 일산동구 정발산로82번길 40 (마두동, 정발마을5단지건영빌라) 정발마을 503동 102호",010- 9658 2201
덕원,이명용,"부산광역시 동래구 충렬대로447번길 38 (안락동, 부산안락4 휴먼시아) 휴먼시아 405동 701호",010-9612-6669
솔로몬경영연구소,김내동,서울특별시 송파구 도곡로62길 5 (잠실동),02 566 3300
에스시 경영 연구원,서병수,경기 성남시 분당구 서현동 시범단지우성아파트 212동 601호,010-9913-9361
무역외환거래연구소&서울인터내,조규원,서울특별시 영등포구 의사당대로1길 11 (여의도동) 대우메종리브로 302호,02-304-3471
(주)CE경영컨설팅,양석균,경기 군포시 당정동 엘지아파트 103-403,031-477-9265
엔비코트주식회사,전학성,대전광역시 유성구 북유성대로155번길 46-3 (지족동) 201,042-476-5817
(주)한국첨단,허성원,대구 수성구 범어1동 380범어롯데102-203,0115371242
이종기,이종기,서울 동작구 신대방동 한국광물자원공사,028405652
(주)라스하이텍,최병철,서울 용산구 한강로3가 한강대우트럼프월드3차 102동3101호,02-749-8135
(주)넷비즈월드,박광봉,충청북도 청주시 청원구 오창읍 각리1길 97 충북SW지원센터,043-214-3981
한국전기경영연구원,김영섭,경기도 수원시 팔달구 매산로116번길 14 (교동),0312220196
(주)티앤비경영솔루션,남궁일,서울특별시 서초구 신반포로47길 18-10 (잠원동) 세환빌딩401호,02-546-0603
지혜경영컨설팅,신수항,경기 용인시 기흥구 보정동 성원아파트 106-502,010-9192-1741
우리회계법인,"최윤호,류영구",서울특별시 강남구 영동대로86길 17 (대치동) 육인빌딩 3층,02-552-6562
wcm 경영연구소,윤인호,서울 강남구 역삼1동 유니온센터오피스텔 1812호,02-555-4212
성원경영시스템연구원,조덕원,경북 구미시 임수동 구미공구상가 1동 314호,010-3531-5303
인포텍,박정철,전라북도 전주시 덕진구 구주길 21 (팔복동3가),063-211-4971
(주)에이알디씨홀딩스,박찬우,서울특별시 강남구 삼성로 533 (삼성동) 등우빌딩 301호,07088751240
무,무,"인천광역시 남구 매소홀로562번길 9-40 (문학동, 문학하이츠빌라) ( 문학동)",018-335-0255
현빈,김상윤,서울 송파구 위례성대로 18 금복빌딩 1207호(방이동),02-415-3310
(주)한주경영연구원,한연순,서울 강남구 개포1동 주공아파트 68동 501호,010-9089-0576
호남대학교산학협력단/퇴직,정호채,광주 광산구 첨단과기로 91-23 110-204호,010-2656-2315
창업경영연구소상원,황수석,경상남도 창원시 의창구 창이대로464번길 2 (용호동),055-282-9815
(주)케이넷,이천호,광주광역시 북구 첨단과기로 313 (대촌동) 광주하이테크센터 505호,062-952-1291
경남기업경영연구소,김홍진,"울산광역시 남구 거마로 89 (신정동, 송림아파트) 송림210호",010-3850-0259
성낙현세무회계사무소,성낙현,"경상남도 창원시 의창구 용지로 229 (용호동, 롯데아파트) 롯데종합상가 406호",055-275-3041
한국기술평가원,김재문,대전광역시 대덕구 오정로109번길 30 (오정동),042-627-9999
(주)미래경영개발원,이승용,대구 북구 태전동 한일@ 103/1502,010-4502-1479
(주)드림세무경영,장조남,광주광역시 서구 운천로 131 (쌍촌동) 금호베어스타운 A-205호,062-376-2003
심혜정,심혜정,울산광역시 남구 갈밭로 50 (삼산동) 5층,052-268-7268
태일세무경영연구원,노태일,"서울특별시 성북구 솔샘로 120 (정릉동, 정릉풍림아이원아파트) 풍림아이원 116-1601",010-6217-6637
투핸즈경영서비스,허천일,인천 남구 용현2동 유원아파트 1-1203gh,032-213-5002
(주)리베로파트너즈,임명식,경기 성남시 분당구 구미동 23-10,031-711-0009
에이스컨설팅그룹,박병호,울산 울주군 온양읍 외고산옹기길 53 남창리 270-3번지,
(주)한국첨단기술경영원,김희철,대구 달서구 도원동 롯데캐슬아파트 105동 606호,017-221-4736
(주)인터비주얼,안 종득,충청북도 청주시 청원구 오창읍 각리1길 97 충북S/W지원센터 409호,043-213-0034
(주)아이씨엔아이티,김은수,대구광역시 달서구 성서로72안길 5 (이곡동) 경우하이츠 202호,053-586-7090
(주)KPL경영기술원,강구봉,대구시 달성군 다사읍 대실역북로 청아람 208동 2105호,0535652259
아프로파트너스,김인수,서울특별시 강남구 언주로148길 7 (논현동) 정안빌딩 402호,02-3443-0552
원광경영연구원,김근모,부산광역시 남구 우암로256번길 24-1 (우암동),010-7257-5801
연합정보기술,조기식,서울 구로구 구로3동 코오롱디지털타워빌란트 610호,02-2103-5959
기업진단전문법인(주),홍태익,경기도 안산시 상록구 건건로 131 (건건동) 현대프라자 414호,031-501-9202
just sweet,양영모,경기 군포시 산본동 백합아파트 1124동 303호,010-6320-9152
(사)경기수원중소기업협회,이창주,경기도 수원시 권선구 산업로 85 (고색동),031-298-0898
엠비에이경영기술지원센터,정문효,경상남도 사천시 용현면 진삼로 1002,055-742-4201
nca,손기석,경기 부천시 원미구 중2동 그린타운아파트 1324동 102호,032-326-7089
삼성경영컨설팅,한명수,"경기도 수원시 장안구 정자천로189번길 47 (정자동, 연꽃마을 풍림아파트) 연꽃마을 풍림아파트 416/803호",010-9929-9001
현대정보리서치,최중철,서울 강남구 청담동 삼성청담공원아파트102/304,6677-0410
베스트웨이경영,이한일,서울 영등포구 영등포로64길 11 우성아파트 401동  1006호,02-841-8421
(주)메리트,이근열,충남 천안시 서북구 직산읍 삼은리 (재)충남테크노파크천안밸리 43-5,011-000-0000
(주)넥사비지니스그룹,정태용,대구광역시 달서구 중흥로 20 (송현동) 중소기업성장지원센터 403호,053-657-7233
(주)APEC CBC,이원행,서울 구로구 구로3동 현대아파트 303-605호,02-861-0114
블레싱컨설팅,이상배,서울특별시 동작구 성대로1길 9 (상도동),02-822-8982
세무법인 신세계 목포지점,김상균,전라남도 목포시 옥암로 41 (상동) 대화빌딩 4층,061-243-2104
(주)이앤씨플랜,성창수,서울특별시 영등포구 영등포로 162 (당산동1가) 대우조선빌딩1105호,010-9310-0076
한빛경영컨설팅,정석현,대구 달성군 다사읍 매곡리 죽곡하우젠트아너스빌아파트 102/501,053-323-8600
1,유정환,서울 강남구 역삼동 성보역삼빌딩,010-7441-1497
휴먼웰,심석진,"서울특별시 서초구 동산로12길 13-10 (양재동, 다명빌리지) 다명빌리지101호",010-3740-0954
휴먼웰,심석진,"서울특별시 서초구 동산로12길 13-10 (양재동, 다명빌리지) 101호",010-3740-0954
이노빌비앤씨,서철,인천 계양구 계산동 대우마이빌1차 202호,032)266-8088
(주)뉴텍인더스트리,문형선,경기 성남시 중원구 상대원1동 SKn테크노파크 넥스센터동 408호,031-776-3450
(주)헤드컴,이창호,경남 창원시 진해구 냉천로 262 105동1905호,055-249-2522
농촌진흥청,민승규,경기 수원시 권선구 구운동 농촌진흥청 농촌현장지원단 민원센터,031-299-2843
장승주세무회계,장승주,인천광역시 부평구 길주로 547 (갈산동) 부성빌딩 302호,032-529-4744
우리경영컨설팅(주),곽병진,대구광역시 달서구 이곡동로 39 (이곡동) 401호,053-592-6699
우리경영컨설팅(주),곽병진,대구광역시 달서구 이곡동로 39 (이곡동) 401호,053-592-6699
비즈닥(주),조보영,서울 중구 충무로1가 서울중앙우체국 사서함 1220호 비즈닥주식회사,02-571-1533
이아이비컨설팅,임인택,서울 구로구 구로2동 구로구청 1,010-5391-9105
(주)이노월드컨설팅,이병섭,서울특별시 구로구 디지털로33길 11 (구로동) 에이스테크노타워 8차 201호,02-2025-7712
(주)이엠솔루션,김동수,대구 북구 산격2동 유통단지산업용재관 19동 6호(2층),053-604-1292
예스컨설팅,이주양,서울 서대문구 연희동 서울시 서대문구 연희동 719-19,02)326-3359
김재홍,김재홍,경상북도 칠곡군 약목면 관호8길 28-18 (삼주강변타운) 삼주강변타운 103동 604호,010-2766-0146
한국여성창업대학원,양혜숙,서초구 서울서초구서초동 1328-11 대우도씨에빛2차 1014,01) 508-4886
디엠에스컨설팅(주),이형순,대전광역시 유성구 테크노2로 187 (용산동) 미건테크노월드 2차 229호,042-534-0017
피앤제이주식회사,박재희,광주 북구 운암3동 미라보아파트 302동 809호,062-972-3136
두리,정해봉,인천 남동구 만수2동 신동아아파트 5동1002호,010=2298-5812
현파트너스(주),정현호,서울 양천구 목1동 현대41타워 3608호(부설 : 한국채권관리연구소),02-571-8063
세무사경영지도사김명호사무소,김명호,제주 제주시 오라1동 1012-6  2층,726-2330
윤정,송재윤,대전 서구 둔산동 가람아파트 1-401호,01033044890
미래경영컨설팅,윤판성,서울특별시 강남구 도곡로77길 15-1 (대치동) 현대빌라 A동 301호,0112606411
마스타컨설팅그룹(주),김명래,서울 강남구 테헤란로 625 17층1713호,02-548-2528
기업전략연구원,서정태,경기도 안산시 상록구 건건로 97 (건건동) 203호,031-502-2119
(주)제이디경영연구원,김찬식,서울특별시 강남구 언주로 651 (논현동) kovix빌딩 3층,02-543-9697
경영개발원 우통,김영채,경기 수원시 장안구 조원동 한일타운 126동 301호,031-221-7341
새롬경영자문(주),임석우,전라북도 전주시 완산구 물왕멀4길 15-1 (서노송동) 공원빌라 203호,063-853-6464
(주)티에스경영컨설팅,손장호,경기도 화성시 효행로 1068 (병점동) 리더스프라자 606호,031-225-4775
"하나경영자문,주",지문태,서울특별시 구로구 경인로55길 51 (구로동) 한성상가A동 212,02-2671-4888
C&K코리아,박성하,서울 관악구 삼성동 295-20,010-9762-2577
(주)킴스파트너스,김용민,서울특별시 종로구 새문안로 91 (신문로1가) 고려빌딩 1113호,070-8267-3501
(주)중소기업경영연구원,이용만,경상남도 양산시 동면 양산대로 628,055-388-1424
이노팀스(주),도기철,부산 동래구 사직동 쌍용예가 APT 123-1902,010 5097 4283
벤처진흥원(주),최흥묵,대전광역시 유성구 가정북로 96 (장동) 대전중소기업지원센터 410,042-864-2231
(주)한국경영기술원,김행곤,경남 양산시 명곡동 양산대학 BI센터 2416호,055-385-1295
범일티엠씨(주),김요찬,서울 강남구 대치4동 상제리제빌딩 A동 1102호,02-565-1862
한빛경영연구소,노창주,광주 북구 용봉동 전남대학교 산학협력2관 301호,062-530-0487
올리브세무사사무소,이희섭,경기 파주시 교하읍 동패리 숲속길마을월드메르디앙센트 704-1003,031-932-1458
한국기업경영연구원,전영웅,서울 영등포구 당산동2가 영등포유통상가 640호,02-2068-1797
리더스경영컨설팅법인,김민선,서울특별시 강남구 테헤란로 322 (역삼동) 서관 14층 1413호,02-556-3891
아이티씨지(주),신철,서울 금천구 가산디지털1로 30 1101호(에이스하이엔드타워 10차),02-869-1515
지식산업개발쎈타,박상걸,서울특별시 관악구 남부순환로 1620 (신림동),010-2755-2583
주식회사 한길,한형주,경북 포항시 북구 흥해읍 포항1대학 창업보육센터105,054-232-8234
(주)IBS컨설팅리더십센타,노언필,서울 광진구 구의3동 한양빌라 2-302,02-454-2272
경영지도사,전영호,서울 도봉구 창5동 북한산아이파크아파트 525-901,010-2639-0762
(주)네이카경영.기술컨설팅,김현영,서울 관악구 미성동 대우푸르지오아파트 116동 702호,02-6747-8844
.,한기환,서울 동대문구 답십리4동 한신아파트 3-305,01053098948
기술지도사,김명암,부산광역시 서구 천해로13번나길 20-12 (암남동),010-9908-5873
박영태,박영태,서울특별시 서초구 남부순환로347길 53 (서초동) 영초빌딩201,02-3473-0888
twins영우,정계영,서울 관악구 성현동 동아아파트 109동 505호,010-8212-5131
e국제규격인증원,나준수,"경기도 안양시 동안구 일동로 46-10 (관양동, 한진빌라) 한진빌딩 402호",031-386-4684
장호원,장호원,대구 달서구 도원동 롯데캐슬아파트 102동1602호,053-281-0977
(주)국제경영기술원,하영희,부산광역시 금정구 두실로24번길 14-2 (남산동),051-583-7997
티에스세무그룹,장대준,경기도 화성시 효행로 1068 (병점동) 리더스프라자 606호,031-225-4775
이엠솔루션(주),김동수,대구광역시 달서구 호산로 47 (파호동),053-588-2191
김성효,김성효,대구 수성구 시지동 노변타운 203동301호,
이경걸,이경걸,울산광역시 중구 서원2길 70 (반구동),052-293-5158
없음,강병노,인천 남동구 서창동 서창자이@ 104-1204호,010-9092-4133
주식회사 경상,권영대,경상북도 경산시 압량면 압독로 261-8,053-815-5050
신전경영지도사무소,김웅엽,전북 익산시 모현동1가 제일고층아파트 311호,011-676-3850
토털기업컨설팅(주),오진영,경기도 수원시 장안구 대평로 28-16 (정자동) 경기도수원시장안구정자동887-1 우방아파트317동402호,031-269-6578
(주)블루안,이채안,서울 성북구 돈암동 돈암힐스테이트 106동 502호,02-556-6026
한우리경영연구소,전영준,인천 연수구 송도동 송도웰카운티1단지아파트 114동802호,031-355-9101
.,양승학,서울 강남구 논현동 45월드노블레스빌 402호,025360122
고려경영지도사무소,박영호,서울 송파구 오륜동 올림픽선수촌아파트 122동203호,010-7118-8622
한국기업가치연구원,김수현,"서울특별시 양천구 목동로 230 (목동, 아이파크아파트) 현대 아이파크 102동 1002호",02-3273-1034
중앙경제진단연구소,서종완,서울특별시 은평구 녹번로 60 (녹번동) 1층,023597911
(주)한국경영전략연구원,곽영상,서울 종로구 숭인동 317-35  숭인오피스텔,02-2234-4278
노무법인 일하는 사람들,김재규,경기도 평택시 경기대로 1375 (서정동) 노무법인 일하는 사람들,031-664-0965
맹산,정명식,"서울특별시 서초구 동광로3길 18 (방배동, 방배아이파크) 방배아이파크 401-805",02-594-0804
열림,김정현,서울 구로구 신도림동 동아아파트 111,017-225-1388
한길,이상훈,서울 서초구 방배2동 농수축산신보빌딩 111,02-582-6611
-,허당,경기 용인시 기흥구 동백동 백현마을휴먼시아아파트 2807동604호,01198871393
(주)미래경영,김진태,부산광역시 중구 중앙대로 22 (중앙동6가),051-464-3122
(주)HPS경영컨설팅,고진영,경기도 성남시 중원구 갈마치로 215 (상대원동) 금강펜테리움 B동 1008호,031-730-0666
(주)비즈웹코리아,은종성,대전광역시 서구 대덕대로 408 (만년동) 726호,042-610-6401
대한경영자문,박윤호,"경상북도 구미시 형곡로3길 8-21 (형곡동, 동우주택)",054-458-4014
명성경영컨설팅,이시복,서울 서대문구 충정로2가 사조산업빌딩 본관 301호,02-778-3701
(주)씨엔케이지,박성하,경기도 광명시 시청로 7 (철산동) 에이스텔빌딩 601호,02-2685-3435
SYS경영컨설팅,신용선,서울 노원구 공릉동 주완위즈빌 204호,010-3914-4199
전기공사공제조합,최정락,서울특별시 강남구 강남대로 574 (논현동) 전기공사공제조합10층,010-7799-1785
엠테크컨설팅,문찬영,서울 서초구 서초2동 무지개아파트 10동 902호,010-8713-1727
cravenaut,강경훈,광주 북구 일곡동 금호타운 103-802,011-9609-2617
(주)칸 컨설팅,최백연,광주 북구 대촌동 광주테크노파크 958-3 사업화 2동 210호,062-602-7375
이녹스컨설팅,공호근,서울특별시 영등포구 영등포로5길 31 (양평동2가) 동애빌딩1층,02-2631-8681
가나메카텍,우종택,경남 김해시 장유면 대청리 62-1 옥스포드빌딩 901호,055-322-6701
(주)서동경영자문,최동옥,부산 중구 중앙동1가 부산시 중구 중앙동,(051)441-0777
경영지도사김용기사무소,김용기,전북 군산시 나운동 현대2차아파트 206동 704호,063)468-8270
큐텐경영컨설팅,박영재,경기 용인시 기흥구 중동 어은목마을대원칸타빌아파트 4105동 602호,031-205-9001
베스트경영컨설팅,이수관,"경기도 평택시 은실1길 11 (세교동, 대명빌라) A동 402호",031-657-6973
베스트경영컨설팅,이수관,"경기도 평택시 은실1길 11 (세교동, 대명빌라) A동 402호",031-657-6973
(주)하나창업경영컨설팅,서성열,광주광역시 남구 대남대로 255 (백운동) 3층,062-675-8583
항도창업컨설팅,백규흠,경상남도 창원시 의창구 사림로57번길 39-12 (사림동),000-286-4668
엘엔와이경영전략연구원(주),양충훈,경기 부천시 원미구 중동 다운타운빌딩 1002호,032-322-7703
KMOT,이창희,서울특별시 영등포구 국회대로28길 13-1 (당산동3가),02-2632-7766
경영지도사,김서영,경북 구미시 황상동 화진금봉타운아파트 201/1307,054-473-4318
IPC경영컨설팅,정범영,서울 서초구 양재2동 삼호물산A빌딩 1407호,02-503-5524
cnc경영컨설팅,김해진,충청남도 부여군 부여읍 성왕로 435,041-833-5950
다산경영컨설팅(주),이덕제,경기 수원시 영통구 매탄2동 한국1차아파트 104-505,031-214-9908
엠,석호삼,강원 동해시 부곡동 휴먼시아 아파트 406동,019-395-5725
무,지경숙,경기 시흥시 월곶동 월곶동풍림4차아파트 405-1401,031-435-6116
코스트인터내셔날,강문용,서울특별시 강남구 개포로31길 9-6 (개포동) 금광빌라 102호,02-574-7399
주)닥터조,조영웅,경기도 화성시 송산면 공룡로241번길 62-5,010-6261-3453
강병진,강병진,부산 동래구 안락동 안락뜰안채204동1606호,051-926-4156
(주)하나종합컨설팅,우남수,대구 북구 태전동 505-27(2층),053-311-1444
(주)파플넷,김진희,서울특별시 서초구 효령로 425 (서초동) 여남빌딩3층,010-9977-8851
(주)글로벌경영전략컨설팅,윤정욱,경기도 부천시 원미구 조마루로 269 (중동) . 미리내 롯데상가 301호,032-321-7071
유일티앤엠컨설팅,류득형,서울특별시 마포구 마포대로 173 (공덕동) 현대하이엘224호,02-2068-8889
대하경영자문,하청정,서울특별시 구로구 개봉로17가길 7 (개봉동),02-2060-9432
충남,김영애,충남 계룡시 두마면 부남리 사서함 201-29호,042-550-5817
04,김인규,서울특별시 관악구 대학18길 30 (신림동),02)797-8215
(주)파인트리,김상철,경상남도 양산시 중앙로 13-2 (다방동),055-367-5531
글로벌세무경영컨설팅,황금연,서울 송파구 잠실3동 갤러리아팰리스 비동 1201호,02-415-1400
유우경,유우경,대전 서구 월평3동 황실타운아파트 118동101호,0424862108
상신경영연구원(주),신상혁,"서울특별시 동작구 사당로9길 1 (사당동, 에스디빌) 에스디빌 401호",010-3661-8663
엠에프씨컨설팅,이강원,"서울특별시 금천구 시흥대로145길 72 (가산동, 두산그린빌라) 두산그린빌라 101-204호",010-6268-9499
삼일회계법인,안경태,서울 용산구 갈월동 샬롬빌리지 402,010-2894-2551
(주)에스경영전문가그룹,정병창,서울특별시 강남구 개포로 227 (개포동) 삼봉빌딩 501,02-573-0597
(주)HK경영기술지원센터,금재일,서울특별시 구로구 공원로 47 (구로동) 도림베어스타워 605호,02)857-8958
성종세무회계경여사무소,길종섭,서울 영등포구 대림3동 현대3차아파트 302-1706,028493337
성종세무회계경여사무소,길종섭,서울 영등포구 대림3동 현대3차아파트 302-1706,028493337
한솔창업경영컨설팅(주),이승희,"광주광역시 동구 밤실로 147 (산수동, 두암타운) 두암타운105동 104호",010-7170-5228
청우경영,김배성,"서울특별시 양천구 목동동로 257 (목동, 하이페리온) 현대하이페리온101-5605",01087853288
KPL경영기술원,박수용,대구광역시 달서구 서당로7길 85 (신당동),019-408-0826
송헌,옥영상,강북구  삼각산동 sk@ 118동 1904호,02-982-8050
(주)카플란경영컨설팅,장좌환,서울특별시 강남구 봉은사로112길 12 (삼성동) 상화빌딩,02-6637-7887
(주)미래경영개발원,이승용,경기도 수원시 팔달구 경수대로 597 (지동) 상원빌딩3층,031-244-2335
한화GS경영기술문화원,황면기,"경기도 수원시 장안구 정자천로133번길 26 (정자동, 백설마을 동양고속아파트) 백설마을 동양@ 552동 1603호",011-785-9802
이노경영기술원,김희철,대구광역시수성구범물1동1279 보성타운101동902호,053-783-1541
(주)이앤지경영연구소,정길용,경기도 고양시 일산동구 호수로 688 (장항동) 코오롱레이크폴리스(2) 에이-1519,017-360-4032
주)프로솔컨설팅,문옥철,서울 강남구 역삼동 831  혜천빌딩 1008호,02-568-6906
진명컨설팅,이명근,충청남도 천안시 동남구 신촌로 24 (신방동) 바동 3085호,041-570-8300
(주)신한경영법인,하재은,서울 양천구 목동 동로 293 현대41타워 1404호,02-564-6777
맨테크컨설팅,임동학,서울특별시 중구 퇴계로 381 (신당동) 국민은행7층,02-2233-7553
노무법인산하,김원기,서울특별시 서초구 강남대로10길 21 (양재동) 명진빌딩 501호,02-572-0048
드림씨엔에스,조수익,서울 마포구 공덕동 풍림빌딩 1701호,027112622
(주)SKK컨설팅그룹,서종수,경기도 수원시 팔달구 권광로 159 (인계동) 수원프라자 1106,031-239-0293
비젼기업컨설팅(주),윤범식,서울 금천구 가산동 대륭테크노타워3차 708호,02-838-4111
비즈엑설런트컨설팅,이동훈,서울특별시 강남구 봉은사로24길 74 (역삼동),010-5667-5987
HPS경영컨설팅(주),이정희,경기 용인시 기흥구 구갈동 강남마을7단지계룡리슈빌아파트 701-201,031-275-9428
에이센산업,안상훈,서울 강남구 대치동 은마이파트 6-204,010-3726-0885
MED Con Co.,김용권,"광주광역시 남구 서문대로 660 (진월동, 삼익세라믹아파트)",018-617-5517
프로비즈경영연구원,이중호,경기도 수원시 장안구 경수대로927번길 12-33 (송죽동),011-663-3409
(주)이노월드컨설팅,이병섭,서울특별시 구로구 공원로 3 (구로동) 선경오피스텔 406호,02-597-7028
(주)토탈비즈,김병재,경남 창원시 용호동 경상남도지방행정동우회 101,0552847733
티에스세무그룹,장대준,경기도 화성시 효행로 1068 (병점동) 리더스프라자 606호,031-225-4775
아이씨에스,한동오,인천 부평구 후정로 7 107-1801,070-7532-7687
아이씨에스,한동오,인천 부평구 후정로 7 107-1801,070-7532-7687
재무관리,이영기,서울 성동구 성수1가1동 건영아파트 103동 1108호,016-647-2797
(주)경영자원연구소,김정용,서울 강남구 테헤란로69길 14 삼성오피스텔 504호,02-555-9812
한국KP경영컨설팅,봉구원,경기도 평택시 팽성읍 동서촌로129번길 31-5 (중앙타운) 중앙타운 103동 203호,019-253-2750
(주)티티씨,편만리,서울특별시 강남구 영동대로 510 (삼성동) 304호,0232802773
(주)유윈컨설팅,박두현,경기 안양시 만안구 안양6동 호정타워 627호,011-788-1472
제타P&C,김승완,서울특별시 강남구 언주로134길 6 (논현동) 성암빌딩 501호,704-3070
선진경영연구원,한근석,"인천광역시 남구 미추홀대로697번길 22 (주안동, 롯데하이텔) 롯데하이텔 1010",032-247-8999
(주)중앙경영컨설팅,박종운,충북 청주시 흥덕구 사직동 221-20,043-275-5777
중앙경제진단연구소,서종완,서울특별시 은평구 녹번로 60 (녹번동),0264077993
중앙경제진단연구소,서종완,서울특별시 은평구 녹번로 60 (녹번동),0264077993
동한닷컴,김용찬,서울특별시 동작구 상도로37길 64 (상도동) 상록빌딩 103호,02-813-4888
신영기술경영(주),김월수,대구광역시 수성구 달구벌대로 2503 (범어동) 동일빌딩8층,053-745-5575
에이센산업,안상훈,서울 강남구 대치동 은마아파트 6-204,02-424-5023
에이앤씨시스템(주),조항일,"서울특별시 서초구 서초대로78길 44 (서초동, 나산스위트) 나산스위트407호",02-586-9973
win경영정보컨설팅(주),이흥경,부산광역시 금정구 옥봉로14번길 1 (서동) 현대 @ 3-515호,051-818-6920
유한,송기욱,서울특별시 강남구 테헤란로 504 (대치동) 해성빌딩 지속가능경영본부,02-528-1354
주식회사우리경영컨설팅,성중모,경상북도 구미시 구미중앙로 300 (송정동) 2층,054-451-9001
아이디어브레인,강병선,충남 천안시 서북구 쌍용2동 쌍용동일하이빌아파트 108-202,070-8823-9866
원포인트경영연구원,오형민,경기도 부천시 원미구 호수로 27-1 (상동),0323293590
제타플랜에프엔인베스트,송성호,"서울특별시 강남구 테헤란로 423 (삼성동, 현대타워) 현대타워 1802",025384801
아이피시컨설팅,노준익,서울 도봉구 방학1동 대상현대아파트 103-1204호,010-3708-9001
(주)유나이티드파트너스,이재욱,울산광역시 중구 구교6길 15 (반구동),010-5535-8667
(주)유피에스컨설팅,이형순,"서울특별시 서초구 사임당로 137 (서초동, 신동아아파트) 신동아@ 3동 611호",02-581-1600
와이티피,전대봉,서울특별시 관악구 남부순환로 1413 (신림동) 3층,01043880072
명신경영컨설팅,송재철,부산 동래구 사직2동 삼정그린코아아파트 105동1401,051-504-2735
삼성세무경영연구원,노자원,"경기도 고양시 일산서구 중앙로 1470 (주엽동, 문촌마을10단지아파트) 동부썬프라자B-108호",031-911-4187
(주)미래경영아웃소싱,김승환,대전광역시 서구 둔산중로 38 (둔산동) 메트로존 803호,042-489-9941
삼일노무법인 경기지사,김병대,경기도 안산시 단원구 광덕3로 167-18 (고잔동) 삼성타운 301호,031-414-2700
한국경영.기술컨설턴트협회,임채웅,서울중랑구면목5동150-38 서울중랑구면목5동150-38,017-251-1533
홍기용,홍기용,인천광역시 연수구 아카데미로 119 (송도동) 인천대학교 경영대학 401호,032-835-8518
이유식,이유식,경기도 시흥시 큰솔로46번길 10 (정왕동) 204,010 4871 8290
(주)한컨설팅그룹,이응훈,서울특별시 금천구 가산디지털2로 165 (가산동) 백상스타타워 2차 1107호,02-6111-6976
원스톱경영연구원,방권수,부산 북구 금곡동 화명한일유앤아이아파트 105동 403호,010-364-4097
프로벤처링(주),홍성호,서울특별시 서초구 서초대로 355 (서초동) 서초메이플라워맴버스빌 1106호,07088304401
정연수세무회계사무소,정연수,광주 남구 진월동 한국아델리움아파트 102동1106호,018/610/1070
(주)블레싱컨설팅,방요환,서울특별시 동작구 성대로1길 9 (상도동),02-822-8982
대한인베스트먼트,윤정우,서울특별시 동작구 성대로1길 9 (상도동) 대한인베스트빌딩2층,02-822-8982
키움경영컨설팅,황한재,"대구광역시 수성구 지범로39길 56 (범물동, 범물보성타운) 보성타운 102-801",053-784-9572
dddd,안상돈,"경기도 고양시 덕양구 화신로 76 (행신동, 샘터마을1단지아파트) 샘터마을1 단지 104-502",031-973-0983
원스톱경영연구원(주),방권수,경상남도 양산시 삼성1길 9 (북정동),055-365-6644
(주)케이엠티경영기술원,류영식,경기도 안양시 동안구 관악대로106번길 72 (비산동) 롯데낙천대 아파트 115동 1801호,02-3462-9001
I G 경영컨설팅,조용호,인천광역시 남동구 남동서로236번길 40 (논현동) 예성빌딩6층 607호,032-815-9713
박영철경영지도사무소,박영철,부산 연제구 거제1동 거제2차현대홈타운 부산시 연제구 거제1동 1479 현대홈타운2차 212동2001호,051-507-9551
이원선세무회계사무소,이원선,대전 서구 갈마1동 293-10  한밭새마을금고 3층 301호,0424873750
문종일,문종일,광주 남구 진월동 331-9310동1406호,062-652-2350
문종일,문종일,광주광역시 남구 서문대로749번마길 28 (진월동) 중흥아파트 102동 1406호,062-652-2350
최광문,최광문,경기도 양평군 양동면 양동로 1112,0192357902
박진완,박진완,"서울특별시 양천구 중앙로39길 21-21 (신정동, 산호파크빌) 산호파크빌 102호",010-3159-6480
(주)영진테크,박근종,경남 창원시 반림동 노블파크아파트 115-802,0552529977
(주)테크빌알앤비디,박해연,경기 안산시 상록구 이동  574-9번지 402호,031-406-7524
빅데이터기술연구원주식회사,배종옥,서울 송파구 송파1동 135-7  강남빌딩 4층,02-424-8300
벽성경영상담(주),조용식,"서울특별시 송파구 가락로36길 15-20 (방이동, 클래식빌리지) 클래식빌라401호",02-508-5051
...,이진락,서울특별시 성동구 무학봉길 65 (하왕십리동),010-9252-0268
(주)한국이업종전략경영연구소,박광봉,충북 청주시 흥덕구 모충동 서원대학교 BioRIC213-1호,043-214-3981
강종선,강종선,경기 안산시 상록구 장상동 1298-5,5027177
(주)에이치에이치,김일회,충북 청주시 상당구 우암동 229-10,250-7181
한국경영기술지도연구소 이사장,연제은,강서구화곡1동346-96 346-96,02)779-7115
알엔지경영컨설팅,정금수,경기도 안산시 단원구 고잔로 51 (고잔동) 타워아이즈빌1차 706호,031-403-7595
박주병,박주병,대전광역시 유성구 유성대로 777-1 (장대동) 4층 401호,042-824-7526
나명수,나명수,경기도 군포시 고산로 571 (산본동),01062679827
김도진 경영컨설팅,김도진,서울특별시 강남구 일원로 28 (일원동) 한신아파트 101-704,02-445-3709
킴스경영연구원,김형권,전북 전주시 완산구 효자동3가 전주대학교 벤처창업관 209호,063)219-2365
인프라비즈컨설팅,이정익,광주광역시 광산구 하남산단천변좌로 19 (오선동) 광주드림파크 202호,062-952-0083
보영나라,윤영하,경기 성남시 분당구 금곡동 청솔마을대원아파트 804-1702,031-714-5869
포럼,김은정,경기도 안양시 만안구 석천로211번길 82 (석수동),031-472-7794
김연부,김연부,서울특별시 용산구 후암로16나길 9 (후암동) 스위스빌라 201호,010-5088-7730
세무사 김봉규 사무소,김봉규,"서울특별시 송파구 토성로 37 (풍납동, 현대리버빌아파트) 현대리버빌 302동 1103호",024776331
이현배,이현배,"경기도 성남시 수정구 수정로 131 (태평동, 낙원스카이뷰) 주민신협",031-755-4968
12535,이근갑,서울특별시 영등포구 국제금융로8길 32 (여의도동) 동부증권,02-369-3090
김정열경영지도사사무소,김정열,"서울특별시 양천구 목동중앙로 57 (목동, 신동아파밀리에아파트) 신동아파밀리아 502호",017-215-2965
문솔루션,김경문,"서울특별시 서초구 명달로 10 (서초동, 서초금호어울림) 금호어울림 101-702호",02-3476-1607
유지룔,유지룡,경기 동두천시 지행동 현진에버빌아파트 108-1501,0318676612
마나테크코리아,김칠성,서울특별시 동작구 만양로12가길 10-7 (노량진동),02-823-5771
미래세무경영컨설팅,김동석,서울 서초구 방배2동 우성아파트 103-1205,02-581-7471
서영곤,서영곤,경기도 용인시 기흥구 동백죽전대로 201-11 (중동),010-3111-2288
새터컨설팅,여술연,서울 강서구 가양2동 대림경동아파트 105-606,0172397036
목우경영컨설팅,김재철,경기 용인시 수지구 성복동 성동마을LG빌리지1차아파트 102-1801,0312665367
세룡 컨설팅,이상국,대구광역시 수성구 동대구로25길 24-26 (황금동),016-504-2062
청출경영컨설팅,최한석,"대구광역시 남구 관문시장1길 18 (대명동, 조은하이빌)",053-651-1436
김정수경영회계사무소,김정수,"대구광역시 수성구 달구벌대로 3280-1 (신매동, 시지효성백년가약2단지아파트) 시지 효성백선가약204동802호",010-9382-5000
이창준세무회계사무소,이창준,대구광역시 남구 명덕로 126 (대명동) (4층),01038098884
윤여봉세무회계사무소,윤여봉,부산광역시 수영구 광남로 14 (남천동) 한주빌딩 402호,016-823-1189
케이엠경영컨설팅,윤경만,서울특별시 강남구 역삼로4길 16 (역삼동) 성우스타우스 508호,02-538-9110
하나로경영자문(주),김정수,대구 남구 대명9동 332-8(오정형외과3층),053-622-5000
중앙경제진단연구소,성중모,서울특별시 은평구 녹번로 60 (녹번동),02-6407-7993
111,김정현,서울 은평구 불광동 213-45,02-354-3543
투비컨설팅,정해두,경기 수원시 팔달구 향교로57번길 11 101호,
윈경영정보컨설팅(주),유원범,경남 양산시 남부동 주공아파트8단지 809동 803호,055-387-4886
세진경영컨설팅,서원열,경상북도 경산시 성암로12길 37 (옥산동),016-9830-0105
세진경영컨설팅,서원열,경상북도 경산시 성암로12길 37 (옥산동),016-9830-0105
동남경영컨설팅(주),하진용,경상북도 경주시 금성로368번길 7 (성건동) 201호,054-774-5496
(주)파워경제전략연구소,임홍규,경기도 안산시 단원구 고잔2길 65 (고잔동) 경신빌딩 501호,031-480-7317
BT&S,천창훈,서울 마포구 창전동 금호아파트 103동 1603호,018-323-2512
이정우,이정우,서울특별시 중랑구 겸재로27길 99 (면목동) 201호,010-3821-8532
PFISCYOOKWANGcorpor,류광하,"서울특별시 강서구 양천로57길 37 (가양동, 가양4단지아파트) SH공사406동 1212호",02-2668-1189
(주)I&S 경영연구소,정하식,전라남도 여수시 여수산단로 723 (중흥동),061-692-1472
SD경영컨설팅,나순단,서울 동작구 노량진1동 신동아리버파크아파트 703동 110호,02-581-1986
벽성경영상담(주),조용식,서울특별시 강남구 테헤란로 323 (역삼동) 704호,02-508-5051
(주)위더스씨지,홍수석,서울 영등포구 여의도동 한서오피스텔 1409호,02-853-4119
미래창업컨설팅,서종상,"대구광역시 수성구 무학로 189 (지산동, 녹원아파트) 녹원아파트 103동 607호",053-654-1840
삼정종합경영컨설팅,이종희,광주 동구 궁동 111,062-675-7500
김영래경영지도사사무소,김영래,부산광역시 부산진구 동평로127번길 88-10 (부암동),051-808-3816
에스엠글로벌 회계법인,양성모,경기 고양시 덕양구 행신동 햇빛마을2201동 205호,07082233726
대산경영연구소,서진동,대구 달서구 이곡2동 청남아파트 106-1207,011-815-2550
두레경영컨설팅,이양재,대전광역시 동구 동서대로 1708 (가양동) 명신빌딩 502호,042-624-7489
브이아이컨설팅(주),권오인,경남 창원시 상남동 덕산베스트텔 1111호,070-7436-9001
마이비즈컨설팅(주),육무영,경기 용인시 수지구 신봉2로 72 자이2차아파트 216동 1901호,031-263-5261
(주)케이아이경영컨설팅,전현우,대구 북구 산격동 전자상가 1동 210호,053-383-1050
(주)컨설팅코리아,황영제,부산광역시 수영구 민락본동로31번길 33 (민락동) 오성빌딩 201호,051-363-7726
f,박상희,충북 청주시 흥덕구 가경동 가경이편한세상아파트 502동 1102호,016-471-8575
조용구경영회계사무소,조용구,"대구광역시 달서구 월배로11길 9-15 (유천동, 진천역 화성파크 리젠시 1단지) 화성파크리젠시101-1703호",053-637-9455
박능보,박능보,경상북도 경산시 하양읍 하양역길 1-16,053-854-5569
skk컨설팅그룹,서종수,경기도 수원시 영통구 매여울로40번길 9 (매탄동) 102호 SKK컨설팅그룹,031-239-0293
M&F경영기술연구소,김희윤,부산 서구 대영로38번길 11 106동 3202호,051-292-4726
B&M컨설팅,지봉찬,서울 동작구 상도1동 삼호아파트 104동906호,011-9001-9532
(유)한국경영정책연구원,한영일,경기 용인시 기흥구 중동 어은목마을한라비발디아파트 4002,016-306-9738
(주)재경경영컨설팅,이수영,충북 청주시 흥덕구 수곡1동 81-7  4층,043-262-7763
밸류업경영컨설팅,배수암,서울 광진구 구의로 57-1 504호,010-7225-0815
k&s경영컨설팅,김학수,서울특별시 용산구 대사관로 32 (한남동),02-790-7113
우리애,이병학,서울 노원구 하계동 현대2차아파트 202-1104,02)949-3945
경인,김광섭,부산 동래구 안락동 화목아파트 107동1001호,0515271655
성진세무회계컨설팅,김창영,서울특별시 강남구 개포로120길 53 (일원동) 1층,0234126721
明(명) 컨설팅,오명훈,인천광역시 남구 석바위로 29 (도화동) 201호,032-865-1475
ERM연구원,임일태,울산광역시 울주군 온양읍 온양로 80,052-239-8816
글로벌컨펌(주),양창봉,서울특별시 강남구 봉은사로 129 (논현동) 거평타운 1315호,02-543-8976
글로벌컨펌(주),양창봉,서울특별시 강남구 봉은사로 129 (논현동) 거평타운 1315호,02-543-8976
(주)산업경영컨설팅,최재인,대전 서구 월평동 266백합상가B-17,042-365-9001
(주)에이펙씨비시,강민수,서울특별시 구로구 구로중앙로18길 5 (구로동) 현대오피스텔605호,0103-668-4176
한국경영기술지원센터,금재일,경기 수원시 팔달구 영통동 살구골7단지아파트 서광@ 708-1104,016-327-3573
(주)세계로경영기술,여승구,서울특별시 은평구 은평로 91 (응암동) CJ드림시티 B동 303호,02-2681-5338
새한오앤에스,박문용,"서울특별시 서초구 서초대로 12 (방배동, 세양아르비채) 세앙아르비채101동 202호",02-594-7500
신한세무경영컨설팅,조수락,서울특별시 서초구 서초대로29길 10-9 (방배동),0163505018
한국사업전략연구소,권오선,인천광역시 연수구 용담로62번길 21 (청학동),032-816-8054
제이디가치경영연구소,김찬식,서울특별시 강남구 학동로 224 (논현동) 삼환아르누보 3차 420호,02-4334-1919
(주)앞선세상,현무암,경기 수원시 팔달구 영통동 살구골7단지아파트 718동603호,031-204-0792
하니핼파,현무암,경기 수원시 팔달구 영통동 살구골7단지아파트 718동603호,031-204-0792
이앤브이경영자문(주),우병조,대구광역시 서구 국채보상로 34 (중리동) 평화빌딩 423호,011-9855-3519
이앤브이경영자문(주),김종택,대구 달성군 다사읍 매곡리  다사한일유앤아이 105동 1104호,011-9855-3519
(주)다산경영정보연구원,문승권,서울특별시 동대문구 한빛로 12 (신설동) F층,02-302-2230
드림이엔씨,황조익,경기도 안산시 단원구 동산로 48 (원시동),031-493-3838
유영하경영지도사사무소,유영하,서울 강남구 역삼2동 나래빌딩 6층,02-2051-7111
(주)세원경영전략연구원,김홍주,서울특별시 강북구 도봉로34길 57 (미아동),02-983-5807
두성경영컨설팅,김홍주,서울특별시 강북구 도봉로34길 57 (미아동),02-983-5807
두성경영컨설팅,김홍주,서울특별시 강북구 도봉로34길 57 (미아동),02-983-5807
인주경영,김준,인천 계양구 작전2동 현대@ 301-411,0325425658
동서경영개발컨설팅,박태원,서울특별시 영등포구 선유로28길 6 (양평동1가) 노무빌딩 303호,02-2671-1320
한국품질경영연구소,박병태,대구광역시 북구 유통단지로 16 (산격동) 산업용재관 13동 213호,053-604-1046
프로썸경영컨설팅,고세훈,"서울특별시 송파구 오금로35길 17 (오금동, 현대아파트) 현대아파트 41-1406",070-8832-5520
이노경영기술원(주),김희철,대구광역시 달서구 호산로 47 (파호동),053-588-2191
성공인창업경영연구원,주정윤,"부산광역시 사상구 사상로 489 (모라동, 형제오토바이) 3층",051-336-1357
성공인창업경영연구원,주정윤,"부산광역시 사상구 사상로 489 (모라동, 형제오토바이) 3층",051-336-1357
서린파트너스,진해광,부산광역시 동래구 명륜로139번길 51 (명륜동) 허브빌딩 301호,051)556-6485
군산중소기업컨설팅,김진열,전북 군산시 소룡동 성원상떼빌 아파트 102동707호,063-464-5704
정우경영컨설팅그룹(주),서정렬,대구광역시 남구 두류공원로 17-1 (대명동) 대구광역시남구대명10동 808-8,0536563522
(주)탑경영진단지도,배정한,인천 남동구 구월동 1156ㅡ5,032)439-7780
일신세무&경영컨설팅,국순권,"서울특별시 송파구 마천로56길 14 (거여동, 오성빌라)",010-3281-5805
(주)한국첨단기술경영원,김경도,대구 수성구 지산동 협화맨션103동205호,010-3815-9337
동서컨설팅,박태원,서울특별시 영등포구 선유로28길 6 (양평동1가) 노무빌딩 303호,02-2671-1320
라빈,조현우,광주 광산구 장덕동 현진에버빌 207-603,010-9580-3701
GS경영컨설팅,김구섭,"서울특별시 중랑구 봉화산로 130 (상봉동, 신내13단지쌍용아파트) 엘지자이아파트 1307동 308호",01032281842
(주)경영지도법인우리,이영태,부산광역시 중구 중앙대로 21 (중앙동6가) 부산데파트4층516호,051-247-0100
(주)지도기관한국경영지도교육원,전인수,경기도 부천시 원미구 길주로 272 (중동) 코스모폴리탄 1302호,0323265841
글로벌경영자문,전인수,경기도 부천시 원미구 길주로 272 (중동) 코스모폴리탄 1302호,0323265841
그린솔루션,염성칠,서울 성동구 성수2가3동 300-4 영동테크노타워710호,02-2118-7477
인사관리,이순환,부산 금정구 구서2동 롯데케슬골드 606동 1202호,(051)895-6207
SNK경영연구소,송기준,"서울특별시 양천구 신정로 170 (신정동, 현대6차아파트) 신정 I'PARK 101동 102호",02-2642-4045
현대경영컨설팅,이경수,부산광역시 동구 진성로 19 (수정동) 진우빌딩 502호,051-441-2067
열린경영기술지원센터,구본철,대구 달성군 화원읍 천내리 139  화원태왕리더스101동402호,053-281-3678
이레컨설팅,이근재,경기 부천시 소사구 소사본3동 삼성아파트 109-1103,010-345-6027
유미테크노,국헌정,경기도 이천시 이섭대천로 1119 (증일동) 이천상공회의소내,031-574-6443
새롬경영자문(주),임석우,전라북도 익산시 인북로 78 (갈산동),063-843-0988
(주)에이펙비즈멘토스,김주홍,서울 성북구 안암동5가 고려대학교 산악관,.
GMT경영지도사무소,김종귀,서울특별시 서초구 서초대로51길 24 (서초동) 홍재빌딩 302호,02-594-6908
한중컨설팅(주),오한기,경상북도 경주시 양정로 235 (동천동) 덕양빌딩 5층,054-744-9001
한일경영연구소,송관섭,대구광역시 달서구 와룡로17길 29 (본리동) 2층,053-524-4666
한국시스템기술원,이정욱,경기도 안산시 상록구 중보로 51 (이동) 한미오피스텔 706호,031-406-9722
한국기업평가원(주),임득수,서울특별시 강남구 테헤란로20길 10 (역삼동) 근영빌딩 4층,02-508-7002
한국기업경영연구원,최원용,경기도 안산시 상록구 샘골로 125 (본오동) 금광빌딩 402호,031-417-0225
한국경영기술원(주),김한건,"서울특별시 구로구 공원로 26 (구로동, 금호아파트) 금호타운 205호",02-854-8402
하진경영연구원(주),전기수,서울특별시 강남구 역삼로 138 (역삼동) 주한빌딩 503호,02-3452-8808
프로테크컨설팅,진명기,경기 광주시 오포읍 매산리 대성아파트 106-703,031-762-4231
D K C & C(디케이씨엔씨),백승준,서울특별시 강동구 천중로54길 29-11 (길동),02-470-9988
큐컨설팅,서명교,경상북도 구미시 원남로4길 31 (남통동) 금오청구타운 107-407,054-454-5556
칠암TMI,김성옥,부산광역시 서구 구덕로340번길 19-2 (동대신동3가),051-247-1367
충북창업(주),남종식,충북 청주시 흥덕구 사창동 243-28 3층,043-234-1516
중소기업경영연구원,김영종,대구광역시 남구 성당로 46 (대명동) 명성빌딩 3층,053-651-3001
중소기업경영기술연구소,송영태,"부산광역시 사하구 오작로 104 (괴정동, 벽산하이츠타운) 벽산아파트 101동 101호",016-575-6517
유니온기업경영자문(주),오종철,경상남도 김해시 김해대로 2413 (부원동),055-327-2582
윈텔뷰레테코(주),이찬우,서울특별시 성동구 한림말길 39 (옥수동) 한림빌딩 3층,02-2298-2271
엠테크컨설팅(주),나길환,서울특별시 은평구 서오릉로10길 13-4 (대조동),02-357-5701
엘앤에스경영컨설팅(주),동용만,서울특별시 송파구 백제고분로 63 (잠실동) 위너스빌딩 509호,02-418-1960
에프엑스코리아(주),김정수,서울특별시 영등포구 여의대로 24 (여의도동) 전경련빌딩 17층,02-761-1600
에이스컨설팅그룹(주),허성국,울산광역시 남구 문수로392번길 4 (옥동),052-266-4580
에이스기술컨설팅,최경래,서울특별시 강남구 도곡로 111 (역삼동) 미진빌딩 302호,02-567-7337
아태기업자문,이윤호,서울특별시 동작구 상도로 69 (대방동) 상원빌딩 401호,02-813-3343
아이에스오에스컨설팅(주),김홍제,서울특별시 강남구 강남대로162길 32 (신사동) 나라빌딩 502호,02-3445-2015
(주)아이엔에스,이재일,광주광역시 동구 서남로 14 (서석동) 동구벤처빌딩 303호,062-447-7200
아이앤에스스트래티직스(주),김승준,서울특별시 강남구 언주로 726 (논현동) 두산빌딩 3층,02-2105-0327
아이앤아이오(주),박은수,서울특별시 서초구 반포대로28길 50 (서초동) 건한빌딩 403호,02-581-6608
아이비씨컨설팅(주),안경식,"인천광역시 남구 미추홀대로697번길 22 (주안동, 롯데하이텔) 주안벤처센타204호",032-247-8700
아시안비지니스컨설턴트코리아,우수영,서울특별시 영등포구 국회대로70길 15-1 (여의도동) 극동 VIP빌딩913,02-784-6230
씨랩(주),김동국,서울특별시 강남구 역삼로 123 (역삼동) 인정빌딩 4층,02-563-2622
씨디인터내셔날(주),이승영,서울특별시 강남구 삼성로96길 6 (삼성동),LG트윈텔 1007
신한경영컨설팅(주),이양재,대전광역시 동구 동서대로 1708 (가양동) 명신빌딩 5층,042-624-7489
스피드경영컨설팅,박성순,서울특별시 송파구 송파대로30길 41 (가락동) 광명B/D 202호,02-409-9008
솔로몬경영자문,유상종,"서울특별시 서초구 사임당로17길 116 (서초동, 서초삼성래미안아파트) 서초삼성래미안아파트 101-706",02-3487-3519
세명경영컨설팅(주),문길석,서울특별시 강남구 논현로 340 (역삼동) 정빌딩2층,02-561-8881
삼원경영컨설팅,하기봉,부산광역시 사상구 광장로20번길 13 (괘법동) 삼익빌딩 3충,051-312-3768
삼덕회계법인,진병선,서울 종로구 견지동 68 서흥빌딩 12층,02-397-6700
브레인체인(주),천길성,대전광역시 서구 둔산북로 30 (둔산동) 외환 B/D 5F,016-830-4651
부강창업경영상담(주),최문천,광주광역시 서구 경열로14번길 1 (농성동),062-367-6768
미주경영지도사무소,이명진,서울특별시 강남구 논현로167길 12 (신사동) 송전빌딩 302호,02-511-8506
모아산업기술연구원,정용모,경상남도 양산시 중앙로 213 (북부동) LG 정유 202호,055-386-2220
디엔지경영자문,김동철,"인천광역시 남구 미추홀대로697번길 22 (주안동, 롯데하이텔) 주안벤처센타 204호",032-247-5979
다알엔씨(주),윤형석,서울특별시 강남구 봉은사로 524 (삼성동) 트레이드타워 3005호,02-6000-1444
노무법인해인,이주형,서울특별시 서초구 강남대로37길 23 (서초동) 굿모닝빌딩7층,02-581-9966
기업진흥컨설팅(주),권정의,서울 양천구 목1동 행복한세상 업무동 7층,02-2648-1715
(주)금승엔지니어링,김희윤,부산 사상구 괘법동 신라대학교 마린바이오산업화지원센터 자연관 523호,051-303-1095
글로벌컨펌(주),김명남,서울특별시 관악구 난곡로76길 22 (신림동) 2층,02-861-2657
글로벌경영연구원,황찬호,대구광역시 달서구 학산로47길 28 (송현동),053-654-5168
(주)히트컨설팅,정태용,서울특별시 구로구 공원로 3 (구로동) 선경오피스텔 1202호,02-857-9050
경영지도사백승학사무소,백승학,"서울특별시 서초구 바우뫼로 53 (우면동, 코오롱아파트) 코오롱상가 B-103호",02-6207-4454
경영시스템연구원,이제동,대구광역시 동구 경안로 766 (동호동),053-963-1581
경영시스템연구소,김병구,"경기도 안산시 상록구 양지마을1길 81 (사사동, 현대아파트) 현대아파트 108-502",031-502-3206
경북기업컨설팅(주),조형제,경상북도 경주시 백률로 42-1 (동천동),054-773-7736
경남창업보육센터(주),이상민,경상남도 함안군 군북면 유전1길 31-1,055-583-8805
경남산업컨설팅(주),문해원,경상남도 창원시 의창구 중앙대로 215 (용호동) 한국토지공사 4층,055-263-1331
경기창업벤처연구원(주),이재득,경기 수원시 팔달구 이의동 11-8 경기중소기업지원센터 14층,031-259-6336
가야경영컨설팅,이승진,부산광역시 수영구 수영로 668 (광안동) 화목오피스텔 809호,051-757-0709
한스비지니스컨설팅(주),김하영,전라북도 전주시 덕진구 기린대로 418 (금암동) 우석빌딩 13층,063-286-5700
한길회계법인,김도영,서울 강남구 신사동 강남빌딩 588-21 5층,02-3446-6004
(주)한국QM기술연구원,이정수,대구광역시 중구 달성공원로8길 10 (대신동) 달성빌딩 409호,053-555-5801
한국경제경영연구원(주),황창연,서울특별시 영등포구 국회대로70길 19 (여의도동) 대하빌딩 1005호,02-761-9720
(주)하이프로컨설팅,박제근,"서울특별시 영등포구 은행로 58 (여의도동, 삼도오피스텔) 삼도빌딩 601호",02-761-1080
이지벤쳐(주),김종철,"서울특별시 송파구 오금로11길 33 (방이동, 신동아타워아파트) ㅡ신동아타워6층",02-421-6274
이씨플라자(주),박인규,"서울특별시 강동구 강동대로 143-40 (성내동, 신호빌라트) 신호빌라트 1층",02-476-1144
엘앤아이컨설팅(주),이선구,서울특별시 종로구 새문안로 89 (신문로1가) 용마빌딩 3층301호,02-3775-0961
아이큐에스종합컨설팅(주),박형남,서울특별시 영등포구 당산로 240 (당산동6가) 유상빌딩 4층,02-3775-1401
시그마에코컨설팅(주),최면중,서울특별시 영등포구 문래로 98 (문래동3가) 한영빌딩 402호,02-2676-8562
선명회계법인,신민철,서울특별시 강남구 테헤란로 501 (삼성동) 경암빌딩 11층,02-3452-0900
삼원밀레니어(주),이지현,경기도 성남시 분당구 성남대로172번길 24 (금곡동) 미금파크 816호,031-714-3349
글로벌인터써트인증원(주),김봉숙,서울 영등포구 여의도동 대상빌딩 (미원빌딩)603호,02-784-0432
갈렙에이비씨(주),한윤,서울특별시 양천구 목동동로 293 (목동) 현대41타웝1207,02-2168-2220
test,김선우,11 11,11
JH경영컨설팅,홍재호,경기도 수원시 팔달구 권광로 159 (인계동) 수원프라자 1306호,011-476-6257
한국표준협회컨설팅,오세규,서울특별시 강남구 테헤란로 305 (역삼동) 한국기술센타 18층,02-6009-4931
한국자동차산업교육원(주),전명철,경기도 광명시 철산로 11 (철산동) 신안빌딩 902호,02-2682-0050
톰스경영컨설팅(주),문병찬,서울특별시 서초구 효령로 104 (방배동) 유성빌딩 3층,02-598-2488
(주)지에스프론티어,김만희,부산광역시 사상구 백양대로700번길 140 (괘법동) 마리오벤처산업화지원센타523호,051-303-1095
(주)시스템앤테크,안기복,경기도 군포시 엘에스로115번길 60 (금정동) 금정테크노피아 201호,031-477-7084
영화회계법인,오찬석,서울특별시 영등포구 여의나루로 61 (여의도동) 브릿지증권빌딩 6-14층,02-3787-6600
엠티,목진환,경기 오산시 양산동 411번지 한신대 인터넷 지원센터 9311,031-372-4707
에이엔에이컨설팅(주),김운식,서울특별시 강남구 학동로6길 7 (논현동) MES HOUSE 201호,02-3443-3311
비즈텍,박옥균,"부산광역시 금정구 중앙대로1944번길 10 (구서동, 여전시티빌) 여전 씨티빌 501호",051-515-9006
부성리츠,박성호,경남 마산시 양덕2동 974-13 자유무역지역내 한국경영교육협회,055-255-4682
벤처타이거(주),박창우,서울 성북구 안암동5가 고려대학교 126-16 산학관 2층,02-928-8555
(주)대양씨앤씨,정연택,서울특별시 강남구 테헤란로78길 12 (대치동) MSA빌딩 1층,02-563-0113
경남중소기업컨설팅,강원형,경남 마산시 산호1동 17-11 산호빌라 201호,055-267-1010
(유)심일회계법인,안경태,서울 용산구 한강로 191번지 국제센터빌딩,02-709-4079
WISO산업시스템기술원,이성우,서울 강남구 대치4동 907-27,02-574-0807
SIM`S경영컨설팅,심호섭,경기 의왕시 내손동 포일단지 가동상가 1층 127호,031-714-6674
HMS컨설팅,김현철,서울 성북구 삼선동3가 29-77,02-747-9005
회계법인이촌(주),이영호,대전광역시 서구 대덕대로176번길 51 (둔산동) 상공회의소빌딩 7층,042-472-2124
현대창업컨설팅(주),김광종,울산광역시 남구 왕생로 88 (달동),052-261-9100
한국품질경영연구소,박병태,대구광역시 북구 유통단지로 16 (산격동) 산업용재관 13동 2층 13호,053-604-1046
한국표준화컨설팅,정원영,부산광역시 동래구 아시아드대로 169 (사직동) 태원빌딩 3층,051-503-5252
한국벤처자문(주),이상업,서울특별시 영등포구 국제금융로8길 32 (여의도동) 동부증권빌딩 10층,02-783-0517
한국경영법인(주),방광석,서울특별시 강남구 테헤란로7길 12 (역삼동) 허바허바빌딩 404호,02-561-9119
한경기업자문(주),백창렬,서울특별시 강남구 논현로26길 50 (도곡동) 테크윈센터 301호,02-571-9098
케이엠아이컨설팅,김인철,서울특별시 용산구 이태원로 211 (한남동) 한남빌딩 808호,02-793-9973
컴파이언컨설팅(주),이해진,서울특별시 중구 퇴계로 18 (남대문로5가) 대우재단빌딩 808호,02-636-0880
칸컨설팅(주),박찬대,광주광역시 북구 첨단과기로 333 (대촌동) 광주 북구 대초동 958-3 본부동 309호,062-602-7375
청주대학교,김윤배,충북 청주시 상당구 내덕동 36번지,043-229-8816
(주)한국아이넷,국명기,광주 서구 쌍촌동 974 3층,062-382-7280
(주)한국기술창업,안병인,서울특별시 강남구 테헤란로 201 (역삼동) 서울벤처타운 1801호,02-557-4018
(주)한국경영전략연구원,곽영상,서울특별시 종로구 종로56길 28 (숭인동) 숭인오피스텔 702,20-2234-4278
(주)토탈비즈컨설팅,이희숙,부산 남구 용호3동 4-1 지방행정동우회관 101호,055-284-7733
(주)비젼이십일컨설팅,안병삼,경기 안양시 동안구 부림동 1591-9 경기지식산업안양센터 2층,031-476-2101
윈윈컨설팅,지유한,경남 마산시 합성동 창신대학 테크노창업보육센터 3212호,055-293-4921
앰앤에프경영기술연구소,김희윤,부산 사하구 신평2동 현대아파트 104동 810호,051-303-1096
(주)아이엠씨컨설팅,오기훈,제주특별자치도 제주시 연동13길 5 (연동) 202호,064-748-0774
씨앤피인포텍(주),김혜숙,전북 전주시 완산구 효자동3가 1200번지 전주대학교 창업보육센터 6호,063-227-9116
씨아이컨설팅(주),오순기,서울특별시 영등포구 63로 32 (여의도동) 라이프콤비빌딩 724호,02-3775-1846
신우회계법인,강덕수,경상남도 창원시 의창구 중앙대로227번길 16 (용호동) 교원단체연합회 별관 3층,055-275-0007
식스시그마전략경영컨설팅(주),양동현,서울특별시 강남구 강남대로94길 54 (역삼동) 한국과학기술회관 본관 908호,02-538-9007
세영회계법인,김호근,대구광역시 중구 동덕로 61 (대봉동) 선보빌딩 6층,053-425-2800
성도회계법인,박철병,서울특별시 강남구 언주로 711 (논현동) 건설회관 17층,02-517-8333
서울신용평가정보(주),조건익,서울특별시 마포구 토정로 144 (상수동) 5층,02-02-3449-1931
삼정회계법인,강성원,"서울특별시 강남구 테헤란로 152 (역삼동, 강남파이낸스센터) 스타타워 10층",02-2112-0851
산업경영기술원(주),황동선,대구광역시 달서구 장기로 195 (본리동) 종우빌딩 3층,053-527-5700
산업경영기술사컨설팅(주),서병국,서울특별시 강남구 테헤란로7길 22 (역삼동) 한국과학기술회관 본관 6층,02-563-8901
비즈넷컨설팅(주),김영균,서울특별시 송파구 올림픽로 88 (잠실동) 효성올림픽카운티 2-1314,02-415-1657
미래기술경영컨설팅,권봉기,부산 북구 덕천1동 14번지 부산 기능대학 부속건물,051-337-2701
뉴밀레니엄이경영연구소(주),김용식,경기 수원시 팔달구 인계동 905-12 천수빌딩 402호,031-226--1578
네이카(주),김현영,서울특별시 강남구 봉은사로 630 (삼성동) 서온빌딩,02-782-4488
국제종합컨설팅(주),이상헌,광주광역시 서구 상무대로 841 (쌍촌동) 4층,062-376-6007
경남코스닥지원센터(주),조조익,경상남도 창원시 의창구 창원대로 524 (대원동) 한국산업단자공단전시장 관리동 2-4,055-237-6622
KR컨설팅(주),이강락,서울 양천구 목5동 현대월드타워 907번지 1530호,02-2643-4984
한국기업평가(주),윤창현,서울특별시 영등포구 의사당대로 97 (여의도동) 교보증권빌딩 8층,02-368-5607
중소기업진흥공단,김유채,서울특별시 영등포구 국제금융로 24 (여의도동),02-769-6917
(주)한국경제경영연구원,황창연,서울특별시 영등포구 국제금융로 24 (여의도동),02-769-6917
씨아이컨설팅(주),고기전,서울특별시 영등포구 여의대로 24 (여의도동) 전경련빌딩 10층,02-3775-1846
벤처포트(주),한상기,서울 강남구 삼성1동 아셈타워 159-1 18층,02-6001-6700
디지털엠지티(주),박준성,서울특별시 강남구 밤고개로1길 10 (수서동) 현대하이엘 1917호,02-3411-7911
대주회계법인,고기영,서울특별시 강남구 남부순환로 2913 (대치동) 동하빌딩 7층,02-568-7638
(주)인터젠컨설팅그룹,박용찬,서울시 강남구 삼성동 무역센타 무역회관 3801,02-551-3204
(주)스탠다드벤처,이성하,서울특별시 강남구 테헤란로78길 16 (대치동) 노벨빌딩 7층,02-563-7614
비아네트(주),최춘성,서울특별시 영등포구 영중로41길 8 (영등포동8가) 비아네트 3층,02-786-9001
(주)벤처법률지원센터,배재광,서울특별시 강남구 영동대로96길 12 (삼성동) 상민빌딩 2층,02-539-5593
리더스컨설팅그룹(주),윤계호,서울특별시 서초구 고무래로 6-10 (반포동) 교통신문사빌딩 5층,02-3447-7492~3
디피코(주),송신근,경기도 안산시 단원구 광덕4로 260 (고잔동) 윈윈프라자 407호,031-416-4074
둘하나벤처컨설팅(주),신현장,서울 강남구 수서동 로즈데일오피스텔 1240호,02-6242-8721~2
피앤에스경영자문(주),정경모,서울특별시 중랑구 면목로 380 (면목동) 302호,02-435-2303
CSQM연구회,안동일,"충청남도 천안시 동남구 새말4길 12 (신방동, 현대2차아파트) 현대2차A 201-706",041-900-9676
호피아경영컨설팅,홍진욱,대구광역시 달서구 성서로72길 5 (이곡동) 금광빌딩 4층,053-586-6730
한국품질경영연구소,김웅태,경기도 부천시 원미구 중동로280번길 61 (중동) 중흥/두산 606-902,011-275-9396
한국총무컨설팅,김주희,서울특별시 영등포구 선유로28길 6 (양평동1가) 노무빌딩 103호,02-424-0005
한국에스엠씨,김민선,대구광역시 달서구 성서로72길 5 (이곡동) 금광빌딩 4층,053-568-4657~8
한국경영지도연구원,김일수,서울특별시 강남구 논현로26길 50 (도곡동) 테크원쎈타 301호,02-571-9098
한국경영정보센터,정찬형,서울특별시 서초구 반포대로12길 33 (서초동) 현대오피스텔 901호,02-581-7779
한국경영기술자문단,김호균,경기 군포시 군포2동 873 쌍용A 103-1301,031-396-9350
표준경영컨설팅,김혜영,"충청남도 천안시 서북구 봉서산샛길 64 (쌍용동, 쌍용마을뜨란채아파트) 주공10단지 515-1401",041-577-6578
파이오니어컨설팅(주),이우윤,서울특별시 서초구 마방로10길 15 (양재동) 트윈타워 B-815,02-6241-2203
테크노경영지원센터,전태준,광주광역시 북구 용봉로 33 (용봉동) 전남대 공대 1호 관 507호,062-530-1786
코아경영컨설팅(주),윤석문,대전광역시 동구 동서대로1572번길 173 (성남동) 현대그랜드 오피스텔 1401호,042-611-7003
캐리스컨설팅,우진웅,서울특별시 서초구 서운로 7 (서초동) 신동아빌딩 3층,02-598-6574
초우량경영성취센터,김진규,서울특별시 서초구 방배로10길 10-12 (방배동) 수성빌딩 202호,02-587-2501~2
MBI컨소싱그룹(주),최석재,부산광역시 부산진구 신암로 141 (범천동) CBS빌딩 3층,051-914-7653
(주)한솔기업자문,"김영철,이금한",서울특별시 강남구 테헤란로 310 (역삼동) 두꺼비빌딩 1105호,02-564-4336~7
(주)한국인재전략연구원,신원동,서울특별시 서초구 강남대로23길 20 (양재동) 우진빌딩 403호,02-576-6657
(주)한국바이오네트워크,김형순,서울 강남구 대치2동 994-20 동우리빌딩 402호,02-501-3934
(주)한국글로벌액세스,김학수,서울특별시 강남구 테헤란로 311 (역삼동) 아남타워 1107,02-2009-2600~3
(주)하나종합컨설팅,이윤희,대구광역시 북구 칠곡중앙대로 286 (태전동) 2층,053-311-1444
(주)프리네이션,이경희,서울특별시 강남구 삼성로 654 (삼성동) 송전빌딩 3층,02-548-9761
(주)코브레인컨설팅그룹,"박해근,김종열",서울특별시 강남구 테헤란로 310 (역삼동) 두꺼비빌딩 10층 1005호,02-566-1768
에이티엔어소시에이트,서장택,서울특별시 강남구 언주로 550 (역삼동) 장안빌딩 203호,02-563-8848
(주)케이오엔,김회순,서울특별시 동작구 사당로28길 50 (사당동),02-597-6789
(주)지엔에스컨설팅,이형곤,서울특별시 강남구 테헤란로27길 6 (역삼동) 영진빌딩 3층,02-557-2630
인트로비엔(주),조진현,서울특별시 강남구 삼성로 508 (삼성동) 엘지트윈텔 2동 607호,02-2191-5258
(주)인터비즈컨설팅,김오연,서울특별시 송파구 송파대로30길 8 (가락동) 뉴훼미리오피스텔 504호,02-554-7370
인큐밸리(주),유재웅,서울특별시 서초구 서초중앙로 69 (서초동) 츠네상스빌딩 1311호,02-583-0337
인덕경영컨설팅(주),정성희,경상남도 창원시 성산구 중앙대로 111 (중앙동) 평화오피스텔 508호,055-268-6280
(주)엠이씨에스,김재철,서울 성동구 성수1가2동 685-297 2동 2층,02-498-9835
엠비엘(주),송운학,서울특별시 강남구 선릉로 602 (삼성동) 우진빌딩 202호,02-543-8307
(주)에스이엠컨설팅,박영창,서울특별시 마포구 마포대로 196 (아현동) 고려아케데미텔 425호,02-392-2064~5
(주)알투비,한종우,경기도 용인시 처인구 백암면 고안로51번길 175-28 고등기술연구원내,031-330-7145
(주)아주경영컨설팅,정문호,광주광역시 광산구 하남산단8번로 177 (도천동) 중소기업종합지원센터 4층,062-952-7500
(주)씨앤티유니온,윤순황,서울특별시 강남구 도산대로30길 33-5 (논현동),02-549-1626
(주)새한경영기술자문,박문용,서울 용산구 한강로2가 315-1 덕승빌딩 408,02-594-7500
(주)브이넷솔루션,이태헌,서울특별시 종로구 창경궁로 112-7 (인의동) 인의빌딩 11층 2호,02-3676-3217
(주)미래교육컨설팅,박수용,대전광역시 동구 동대전로 295 (가양동) 신도빌딩 309호,042-637-2291~2
(주)미래경영세무연구소,박병영,광주 동구 대인동 117 신우타이루 3층,062-227-1540
미래경영기술연구원,김의숙,대구광역시 남구 봉덕로 33 (봉덕동) 경한빌딩 303호,080-476-9001
아이브레인컨설팅,이종경,서울특별시 강남구 테헤란로7길 12 (역삼동),02-557-5223
다인커뮤니케이션즈(주),노영호,서울특별시 강남구 언주로98길 9 (역삼동) 2층,02-557-0516
게이트웨이컨설팅,장준영,서울특별시 중구 창경궁로 6 (충무로5가) 부성빌딩602호,02-568-4568
전남대학교경영연구소,정성창,광주광역시 북구 용봉로 77 (용봉동) 전남대학교,062-530-1427
재원경영컨설팅,구자순,경기도 안양시 동안구 관악대로 382 (관양동) 관영빌딩 401호,031-425-8652
인증뱅크(주),홍은화,광주광역시 광산구 첨단중앙로47번길 47 (월계동),062-972-9001
우도경영기술연구소,서상수,대구광역시 남구 대명로30길 7-1 (대명동),053-656-3322
엠에이컴,박종영,서울특별시 서초구 서초중앙로20길 23 (서초동) 창원빌딩 2층,02-3488-3500
엔지비경영컨설팅(주),권익두,서울 동대문구 용두2동 150-3 경호빌딩 2층,02-927-1040
에이스벤처기업자문(주),박병호,울산광역시 남구 문수로392번길 4 (옥동) 3층,052-266-4580
알찬경영컨설팅사무소,양창봉,서울특별시 강남구 선릉로 522 (삼성동) 대신빌딩 203,02-562-9416
아이에스오에스(ISOS),김홍제,서울특별시 강남구 강남대로162길 32 (신사동) 나라빌딩 502호,02-3445-2015~6
아미경영컨설팅,국헌정,경기도 이천시 이섭대천로 1119 (증일동) 이천상공회의소 별관,031-638-6443
써미텔홀딩스(주),안상배,서울특별시 중구 명동길 73 (명동1가) YWCA회관 8층,02-3705-5700
한국디자인경영연구원,김호곤,서울특별시 중구 창경궁로 60 (주교동) 흥원빌딩 302호,02-3676-4447
신경영기술연구소,이수식,부산 북구 덕천1동 14 부산기능대학 부속건물,051-337-2701
스토아119컨설팅(주),박광근,서울특별시 서초구 효령로31길 17 (방배동) 덕일빌딩 3층,02-777-2221
성종세무회계경영사무소,길종섭,서울특별시 영등포구 도신로 73 (도림동) 덕우빌딩 402호,02-831-4036
한국중소기업경영진단(주),강종원,서울특별시 영등포구 문래로 79-17 (문래동3가) 건영빌딩 302호,02-2679-0466
삼일벤처다이렉트,한평철,서울 용산구 한강로2가 2-191 국제센터빌딩 14층,02-709-0882
비지니스앤트러스트(주),이재하,서울특별시 강남구 영동대로112길 28 (삼성동) 영성빌딩 402호,02- 548-1647
비즈스태프(주),최성호,서울특별시 서초구 사임당로19길 28-7 (서초동),02-521-7821
비즈데일리경영컨설팅,서재원,서울특별시 서초구 강남대로 309 (서초동) 코리아비지니스센터 613,02-2055-0866
(주)비즈니스포커스,원종표,"인천광역시 남구 미추홀대로697번길 22 (주안동, 롯데하이텔) 주안벤처센타 204호",032-2480-2480
리더스경영자문,이영식,대구광역시 중구 경상감영길 145 (포정동),053-745-7776
로지스파크 닷 컴,박석하,서울특별시 서초구 서초대로42길 95 (서초동) 삼오빌딩 502호,02-3471-7002
동남QM컨설팅,최원배,부산 동래구 안락2동 152-46,051-532-0842
대한비즈니스컨설팅(주),박수웅,대구광역시 동구 동부로 189 (효목동) 동원빌딩 4층,053-752-3185
대영세무회계앤경영컨설팅,오강석,부산광역시 사상구 사상로 128 (감전동) 2층,051-326-5550
대신품질연구소,이용수,충남 당진군 신평면 거산리 3-2 푸른빌딩 201호,041-363-7105
대덕경영시스템연구소(주),이형순,대전 유성구 장동 대덕대학 48번지 이공관 408호,042-866-0257
글로벌경영연구원,강민수,경기 군포시 산본동 우륵 A 712-1002,031-399-0175
경인중소기업경영자문(주),정연풍,인천광역시 남동구 인하로543번길 12 (구월동) 우성빌딩 B동 202호,032-462-8700
경영지도사한명희사무실,한명희,서울특별시 관악구 난곡로76길 22 (신림동),02-861-0761
경영지도사이익수사무소,이익수,경기도 의정부시 경의로 93 (의정부동) 갑원빌딩 4층,031-861-0761
경영시스템,최병대,인천광역시 부평구 장제로102번길 55 (부평동),032-545-9031
경상창업지원(주),권영대,대구광역시 동구 반야월로 32 (용계동),053-815-5050
건우인터내셔날코퍼레이션,정기천,서울특별시 강남구 테헤란로 309 (역삼동) 삼성제일빌딩 1419호,02-527-2963
가람경영컨설팅,정규형,서울 양천구 목6동 신시가지A 123-1206,02-6734-3789
21C비지니스창업(주),함정식,충청북도 청주시 흥덕구 1순환로 588 (봉명동) 신영빌딩 4층,043-264-0521
(재)경영기술개발원,성익환,서울특별시 구로구 디지털로33길 50 (구로동),02-857-6300
(주)국제경영혁신연구원,정태용,경기도 안산시 상록구 샘골로7길 41 (본오동) 302호,013-416-9068
(주)개산경영기술,김지현,인천광역시 남동구 예술로 174 (구월동) 흥국생명 6층,032-441-9002
(유)정일회계법인,조영규,서울특별시 서초구 반포대로 108 (서초동) 양원빌딩 6층,02-588-9502
삼정벤처넷,박준범,서울특별시 강남구 테헤란로7길 12 (역삼동),02-2185-9500
(주)산업경영기술원,이윤희,대구 달서구 본리동 000,053-652-5700
이상호경영지도사사무소,이상호,서울특별시 강남구 테헤란로7길 12 (역삼동),
박주관창업컨설팅(주),박주관,서울특별시 마포구 월드컵북로5가길 18 (서교동) 2층,02-2285-6969
합동창업지원(주),안형근,대전광역시 대덕구 대화로 160 (대화동) 산업용재유통단지 9동 207호,042-670-4049
산업경영컨설팅(주),김백환,"대전광역시 서구 청사서로 41 (월평동, 백합아파트) 백합상가 B-12",042-637-2272
벤처진흥원(주),이성환,대전광역시 유성구 가정북로 96 (장동) 중소기업종합지원센터 410호,042-864-2231
코리아노무법인광주지사,김수현,광주광역시 북구 금남로 118 (누문동) 3층,062-562-0006
드림경영컨설팅(주),장근일,광주광역시 서구 대남대로 464 (농성동),062-363-0780
(주)서동종합컨설팅,최동옥,부산광역시 동구 중앙대로260번길 3-7 (초량동) 명성빌딩 205호,051-441-0777
부산경제연구소,김형구,부산광역시 금정구 중앙대로 1563 (장전동),051-582-3942
한국종합생산성연구소,심상범,경기도 수원시 팔달구 경수대로 490 (인계동) 천수빌딩 503호,031-226-2267
(주)엘제이컨설팅,조순애,경기 고양시 일산구 주엽2동 136 대우레시티 100호,031-914-7222
그린필드엠앤티연구소,이외수,경기도 하남시 신장로149번길 14 (덕풍동) 그린필드빌딩 3층,031-795-4079
경영지도사조동은사무소,조동은,서울특별시 강남구 테헤란로7길 12 (역삼동),
앰엔티컨설팅,한대덕,서울특별시 강남구 테헤란로7길 12 (역삼동),
(주)명건,유명우,서울특별시 강남구 테헤란로7길 12 (역삼동),02-3446-6284/6
(주)미래경영연구소,임채문,서울특별시 강남구 테헤란로7길 12 (역삼동),051-465-6272
정우경영컨설팅그룹(주),서정렬,대구광역시 남구 두류공원로 17-1 (대명동) 정우빌딩 3층,053-652-5895
TOSS경영컨설팅,강길원,서울특별시 강남구 테헤란로7길 12 (역삼동),
품질환경인증개발원,신희성,서울특별시 강남구 테헤란로7길 12 (역삼동),
AddTech컨설팅,이종만,서울특별시 강남구 테헤란로7길 12 (역삼동),
기업경영교육원,최호순,서울특별시 강남구 테헤란로7길 12 (역삼동),
오픈경영컨설팅(주),이기정,서울특별시 영등포구 국회대로70길 15-1 (여의도동) 극동 VIP빌딩 402호,02-785-3611
미래회계법인,문병무,경기 수원시 팔달구 이의동 중소기업지원센터 11-8번지 14층,031-259-6333
닷컴클럽,심규태,서울특별시 구로구 디지털로32길 29 (구로동) 키콕스벤처센터 202호,02-6300-4211
한국벤처자문(주),신영순,서울특별시 영등포구 여의대방로65길 13 (여의도동) 유창빌딩 902호,02-783-0517
한국창업지원(주),김영훈,서울 영등포구 여의도동 35-3 교원공제회관 6층 601호,02-784-2570
보람기업자문(주),나종호,경기 과천시 별양동1가 19번지 뉴코아 6층,02-507-6001
그린솔루션(주),김용군,서울특별시 영등포구 의사당대로1길 11 (여의도동) 대우빌딩 1106호,02-782-3391
(주)ORC코리아,이춘백,서울특별시 강남구 테헤란로7길 12 (역삼동),
품질경영정보센터,이양래,충북 충주시 연수동 633 대동A 106-601,032-815-5888
한생컨설팅(주),오해봉,서울 마포구 마포동 한신빌딩 136-1 1514호,02-712-9037
(주)한국마케팅학술연구소,전금신,서울특별시 종로구 세종대로23길 47 (당주동) 미도파빌딩 910호,02-725-8155/6
한국산업관계연구원,이영순,서울특별시 강남구 테헤란로7길 12 (역삼동),02-588-2162
(주)한국기업경영연구원,윤석춘,서울특별시 영등포구 당산로31길 10 (당산동3가) 영등포빌딩 4층,02-2637-8333
IBC컨설팅,김형구,서울특별시 강남구 테헤란로7길 12 (역삼동),011-9775-4019
(주)한국경영정보원,유규홍,서울특별시 강남구 도곡로33길 4 (역삼동) 삼대빌딩 4층,02-556-9451
테크빌경영컨설팅(주),김송,경기 수원시 권선구 탑동 삼성A 101-302,02-816-0100
(주)제일종합경영컨설팅,이일훈,서울특별시 마포구 마포대로 127 (공덕동) 풍림빌딩 523호,02-706-1785
(주)엔포트,이경석,서울특별시 관악구 관악로 112 (봉천동) 엔포트빌딩 2층,02-887-0301
(주)에스피알,서재경,서울 중구 남대문로5가 대우재단 526 901호,02-2617-2519/20
에스이엠컨설팅,맹기환,서울특별시 구로구 디지털로32길 29 (구로동) 키콕스벤처 1202호,02-6300-6399
(주)이베스트,이영복,서울특별시 양천구 목동서로 159-1 (목동) CBS빌딩 6층,02-654-3133
(주)아이풀,임종두,서울특별시 강남구 논현로150길 38 (논현동) 새들빌딩 4층,02-3442-0609
(주)아이알씨,김성오,서울 서초구 서초3동 서초한신리빙타워 301호,02-784-1901
(주)피에스엠비,백금희,서울특별시 서초구 서초대로73길 40 (서초동) 강남오피스텔 910호,02-594-3381
벤처경영컨설팅(주),조숭철,서울특별시 서초구 강남대로65길 12 (서초동) 한서빌딩 702,02-3477-2013/5
(유)베스트경영컨설팅,장병휘,서울특별시 영등포구 양평로14길 4 (당산동6가) 환희빌딩 502호,02-677-6101
(주)비즈엔진,김오연,서울특별시 광진구 용마산로3길 83-4 (중곡동),02-3436-5385
리더스앤컴퍼티(주),신형재,서울특별시 강남구 강남대로 330 (역삼동) 우덕빌딩 8층,02-556-9770
(주)드림퓨처코리아,윤형선,서울특별시 서초구 효령로 402 (서초동) 향우빌딩 301호,02-523-7966
(주)기술과가치,임윤철,서울특별시 강남구 테헤란로 321 (역삼동) 유성빌딩 10층,02-556-3546
수도직업전문학교,이송우,서울특별시 강남구 테헤란로7길 12 (역삼동),019-323-5391
한국벤처경영연구소,정현호,서울특별시 강남구 테헤란로7길 12 (역삼동),011-496-9036
김경조,김경조,서울특별시 강남구 테헤란로7길 12 (역삼동),061-281-9812
삼정인터내셔널,김형덕,서울특별시 강남구 테헤란로7길 12 (역삼동),02-202-9962
경영지도사고영목사무소,고영목,서울특별시 강남구 테헤란로7길 12 (역삼동),
한국경영컨설팅연구원,박내훈,서울특별시 강남구 테헤란로7길 12 (역삼동),
경영지도사최창익사무소,최창익,서울특별시 강남구 테헤란로7길 12 (역삼동),
한양비지니스컨설팅,나은희,서울특별시 강남구 테헤란로7길 12 (역삼동),
조현철회계컨설팅,조현철,서울특별시 강남구 테헤란로7길 12 (역삼동),
BEDE금융자문회사,김병철,서울특별시 강남구 테헤란로7길 12 (역삼동),
(유)삼일회계법인,안경태,서울 용산구 한강로2가 국제센터빌딩 (담당:FAS 본부 MM팀),02-3781-0448
부산경영컨설팅(주),권순석,"부산광역시 부산진구 가야대로 635-20 (당감동, 태화현대1차아파트) 태화현대상가 105호",051-892-6648
항도창업컨설팅,박영복,서울특별시 강남구 테헤란로7길 12 (역삼동),051-863-0009
하나창업(주),이상돈,전라북도 전주시 덕진구 팽나무4길 11 (인후동1가),063-245-6656~7
최고경영자경영전략개발원,홍준선,서울특별시 강남구 테헤란로7길 12 (역삼동),
엘리트컨설팅그룹,이승인,서울특별시 강남구 테헤란로7길 12 (역삼동),
곽종유세무회계사무소,곽종유,서울특별시 강남구 테헤란로7길 12 (역삼동),
큐펙스코리아,이종석,서울특별시 강남구 테헤란로7길 12 (역삼동),
MBO전략연구소,정금조,서울특별시 강남구 테헤란로7길 12 (역삼동),
(주)중소기업산업연구원,박희숙,부산광역시 금정구 중앙대로 2021 (남산동) 3층,051-582-6059
한길경영컨설팅,서영석,서울특별시 강남구 테헤란로7길 12 (역삼동),
엘리에셀기업컨설팅,홍정원,서울특별시 강남구 테헤란로7길 12 (역삼동),
현대세무경영컨설팅,김종명,서울특별시 강남구 테헤란로7길 12 (역삼동),
개산경영기술,김지현,서울특별시 강남구 테헤란로7길 12 (역삼동),
휴먼경영컨설팅,김동욱,서울특별시 강남구 테헤란로7길 12 (역삼동),
국제중소기업컨설팅,김경림,서울특별시 강남구 테헤란로7길 12 (역삼동),
명수창업,최명호,서울특별시 강남구 테헤란로7길 12 (역삼동),
(주)세경창업경영컨설팅,연건희,서울특별시 서초구 사임당로 180 (서초동) 보원빌딩 203호,02-3471-1761
엄명자경영지도사사무소,엄명자,서울특별시 강남구 테헤란로7길 12 (역삼동),
현대경영혁신컨설팅,이봉근,서울특별시 강남구 테헤란로7길 12 (역삼동),
에이아이엠컨설팅,박수환,서울특별시 강남구 테헤란로7길 12 (역삼동),
한신경영자문,엄만성,부산광역시 동구 중앙대로180번길 9 (초량동) 성신빌딩 205호,051-469-9114
서일경제연구소,김태근,서울특별시 강남구 테헤란로7길 12 (역삼동),
한국산업경영컨설팅,고명선,서울특별시 강남구 테헤란로7길 12 (역삼동),
한국경영컨설팅그룹,남수희,서울특별시 강남구 테헤란로 113 (역삼동) 목화밀라트 1306호,02-567-0114
SDS컨설팅,설동수,서울특별시 강남구 테헤란로7길 12 (역삼동),042-226-2114
한국기업경영연구원,진용구,서울특별시 동대문구 왕산로 287 (청량리동) 진명빌딩 301호,02-969-8693
미르정보,여성구,서울특별시 강남구 테헤란로7길 12 (역삼동),
(주)산업진흥원,임상호,충청남도 아산시 염치읍 은행나무길 223 충남 테크노파크 2층206호,041-532-4222
동시경영엔지니어링,김경덕,경기 양주군 회천읍 덕계리 140,031-868-2585
이성식경영앤회계컨설팅펌,이성식,대구광역시 중구 동덕로30길 116 (삼덕동3가) 문화빌딩 2층,053-422-0114
제이앤비컨설팅(주),진중배,서울특별시 강남구 테헤란로7길 12 (역삼동),
박종연,박종연,서울특별시 강남구 테헤란로7길 12 (역삼동),016-384-6292
인터리더,윤정남,서울특별시 강남구 테헤란로7길 12 (역삼동),02-749-6602
프러스매니저,장근용,서울특별시 강남구 테헤란로7길 12 (역삼동),
경사연,김춘성,서울특별시 강남구 테헤란로7길 12 (역삼동),
(주)경영과기술,염상봉,경기 안양시 동안구 부림동 안양시청 소프트웨어지원센터 707호,031-383-0022
한국아웃소싱,조철호,서울특별시 강남구 테헤란로7길 12 (역삼동),
게이트벤처,홍성도,서울특별시 강남구 테헤란로7길 12 (역삼동),
삼구경영컨설팅(주),권구태,서울특별시 영등포구 국제금융로8길 19 (여의도동) 중앙빌딩 808호,02-782-3311
에이제이컨설팅,안주일,서울특별시 강남구 테헤란로7길 12 (역삼동),
임석우지도사사무소,임석우,서울특별시 강남구 테헤란로7길 12 (역삼동),
유기연지도사사무소,유기연,서울특별시 강남구 테헤란로7길 12 (역삼동),
부일벤처컨설팅,정남근,서울특별시 강남구 테헤란로7길 12 (역삼동),
(주)동서기업컨설팅,오수현,서울특별시 서초구 효령로55길 59 (서초동) 쎈추리오피스텔 1105호,02-552-3221
(주)한국경영지도교육원,김동구,경기도 시흥시 마유로 226 (정왕동) 파인힐오피스텔 A-1011,031-498-1863
킴스경영컨설팅,김봉진,서울특별시 강남구 테헤란로7길 12 (역삼동),
윤경영지도사사무소,윤좌영,서울특별시 강남구 테헤란로7길 12 (역삼동),
삼화기업경영연구소,김명선,서울특별시 강남구 테헤란로7길 12 (역삼동),
예성경영기술컨설팅,정락연,서울 송파구 신천동 파크리오 202동 1503호,
강종대지도사사무소,강종대,서울특별시 강남구 테헤란로7길 12 (역삼동),
유통산업전략연구소,이경원,서울특별시 강남구 테헤란로7길 12 (역삼동),
케이앤비커뮤니케이션(주),손원조,서울특별시 강남구 테헤란로7길 12 (역삼동),
(주)세종경영컨설팅,한우수,부산광역시 해운대구 구남로18번길 24 (우동) 해운대비치오피스텔 507,051-731-7151
에이플러스경영컨설팅(주),시현석,대전광역시 서구 둔산북로 121 (둔산동) 아너스빌 1024호,042-603-7025
인천비지니스센터,안경식,서울특별시 강남구 테헤란로7길 12 (역삼동),032-427-0037
다산경영기술자문(주),김일환,서울특별시 관악구 청룡1길 34 (봉천동) 관악전화국 2층,02-871-0777
평제경영지도연구(주),이오선,서울특별시 강남구 언주로71길 34 (역삼동),02-561-4208
벤처기업창업센터,김정일,서울특별시 강남구 테헤란로7길 12 (역삼동),
대원경영컨설팅,양대승,서울특별시 강남구 테헤란로7길 12 (역삼동),
한국능률혐회메니지먼트,박찬호,서울특별시 강남구 테헤란로7길 12 (역삼동),
비즈업경영컨설팅,이성한,서울특별시 강남구 테헤란로7길 12 (역삼동),
박의양지도사사무소,박의양,서울특별시 강남구 테헤란로7길 12 (역삼동),
한세경영컨설팅,남종현,서울특별시 강남구 테헤란로7길 12 (역삼동),
최윤지도사사무소,최윤,서울특별시 강남구 테헤란로7길 12 (역삼동),
이준식지도사사무소,이준식,서울특별시 강남구 테헤란로7길 12 (역삼동),
노벨교역,정희실,서울특별시 강남구 테헤란로7길 12 (역삼동),
대한컨설팅,채석원,서울특별시 마포구 마포대로4다길 18 (마포동) 강변한신코아 910호,02-720-1417
두정완지도사사무소,두정완,서울특별시 강남구 테헤란로7길 12 (역삼동),
더퓨전,박석중,서울특별시 강남구 테헤란로7길 12 (역삼동),
(주)리딩벤처파트너스,정원덕,서울특별시 강남구 선릉로89길 7 (역삼동) 씨알빌딩 403호,02-508-0717
도희록지도사사무소,도희록,서울특별시 강남구 테헤란로7길 12 (역삼동),
여명창업환경(주),서효원,서울특별시 영등포구 국제금융로6길 33 (여의도동) 여의도백화점빌딩 1019호,02-780-4222
대관경영기술연구원,김관형,서울특별시 서초구 효령로34길 62 (방배동) 한우리빌딩 2층,02-3452-2337
방스커뮤니티(주),방용성,서울특별시 서초구 반포대로14길 54 (서초동) 신성빌딩 411호,02-3474-1553
이남우지도사사무소,이남우,서울특별시 강남구 테헤란로7길 12 (역삼동),
기업자문,정보훈,서울특별시 강남구 테헤란로7길 12 (역삼동),
AQ컨설팅,정시철,서울특별시 강남구 테헤란로7길 12 (역삼동),
KHTi3경영기술지원연구소,김경도,대구 수성구 만촌동 산935번지 대구산업정보대학 창업보육센터 415호,053-745-9337
SIDI(새한산업개발연구소),김낙연,서울특별시 강남구 테헤란로7길 12 (역삼동),
이의환세무경영,이의환,서울특별시 성북구 성북로2길 21 (동소문동1가) 영동빌딩 201호,02-3672-3733/4
(주)SB경영컨설팅,박성배,서울특별시 마포구 홍익로3길 20 (서교동) 서교오피스텔 414호,02-322-2351
고려기업상담(주),성성기,광주 서구 화정동 146-57 서경빌딩 6층,062-527-9001
이상배경영지도사사무소,이상배,서울특별시 강남구 테헤란로7길 12 (역삼동),
홍익경영자문,고재득,서울특별시 강남구 테헤란로7길 12 (역삼동),062-526-9003
진화컨설팅,이진화,서울특별시 강남구 테헤란로7길 12 (역삼동),
국제산업경영컨설팅,이광식,서울특별시 강남구 테헤란로7길 12 (역삼동),
케이아투벤처넷(삼정),최승환,서울특별시 강남구 테헤란로7길 12 (역삼동),
동남경영컨설팅,하진용,경상북도 경주시 금성로 364 (서부동) 1층,054-773-5496
옵티마컨설팅,염관식,서울특별시 강남구 테헤란로7길 12 (역삼동),02-523-9001
대한신용평가(주),임승혁,서울특별시 강남구 테헤란로7길 12 (역삼동),02-3770-1001
WIN경영정보컨설팅(주),"유원범,임성근",부산광역시 사상구 학장로324번길 11 (주례동),051-317-1030
합동창업기술컨설팅,박병현,서울특별시 강남구 테헤란로7길 12 (역삼동),
3C경영컨설팅,최병윤,서울특별시 강남구 테헤란로7길 12 (역삼동),
니오큐리서치,마규하,서울특별시 강남구 테헤란로7길 12 (역삼동),
NST기업경영연구소,양홍만,광주광역시 광산구 하남산단8번로 177 (도천동) 중소기업종합지원센타 6층,062-956-6404
굿아이티(주),김천집,부산광역시 남구 수영로 312 (대연동) 21 센츄리시티 1002호,051-853-7677
대명컨설팅,노재균,서울특별시 강남구 테헤란로7길 12 (역삼동),
조경희세무경영,조경희,서울특별시 강남구 테헤란로7길 12 (역삼동),
3E경영기술컨설팅,이광길,서울특별시 강남구 테헤란로7길 12 (역삼동),
비앰앤경영컨설팅,안시영,서울특별시 강남구 테헤란로7길 12 (역삼동),
신세기,신경환,서울특별시 강남구 테헤란로7길 12 (역삼동),055-262-4496
박규식지도사사무소,박규식,서울특별시 강남구 테헤란로7길 12 (역삼동),
남송경영컨설팅,김인곤,"전라남도 여수시 덕충2길 39 (덕충동, 귀인그린파크아파트) 귀인그린파크 1813호",061-662-1242
제일경영자문법인(주),김흥기,서울 영등포구 당산동4가 35-2 4층,02-3474-2162/3
닉스기업발전연구소,최화식,서울특별시 강남구 테헤란로7길 12 (역삼동),
휴넷,조영탁,서울특별시 강남구 도곡로 183 (역삼동) 현진빌딩 5층,02-3472-2982
세계로기업상담,김근영,서울특별시 강남구 테헤란로7길 12 (역삼동),
(주)나라컨설팅,나상일,광주광역시 광산구 하남산단3번로 137 (장덕동),062-952-6500
효천경영컨설팅,심대석,서울특별시 강남구 학동로7길 21 (논현동) 102호,02-518-7679
(주)청보경영컨설팅,이완걸,서울 성동구 성수2가3동 315-71 제일빌딩 401호,02-497-0857
한신아이엔씨,오범진,서울특별시 강남구 테헤란로7길 12 (역삼동),
스텐다드벤처,이성하,서울특별시 강남구 테헤란로7길 12 (역삼동),02-563-7614
한국리더쉽센터,김경섭,서울특별시 강남구 테헤란로7길 12 (역삼동),02-6245-7000
경영지도사이영태사무소,이영태,부산광역시 중구 자갈치로 42 (남포동5가) 신동아빌딩 611호,051-247-0100
케이앤케이컨설팅,김육,서울특별시 강남구 테헤란로7길 12 (역삼동),
BOX마케팅컨설팅,박태술,서울특별시 강남구 테헤란로7길 12 (역삼동),
(주)세종컨설팅,이보현,광주 북구 풍향동 605-1,062-521-9001
비전경영기술컨설팅,박동준,"경기도 수원시 권선구 금곡로 45 (금곡동, 금곡엘지아파트) 엘지빌리지 301-1201",031-296-8998
SK컨설팅,김성기,경기 고양시 일산구 고양일산우체국사서함 19,031-904-0339
시스코기업연구원,김찬기,서울특별시 강남구 테헤란로7길 12 (역삼동),
한국경영연구원,강종규,서울특별시 강남구 테헤란로7길 12 (역삼동),
견서기술경영컨설팅,이주세,서울특별시 강남구 테헤란로7길 12 (역삼동),
한국원가경영연구원,김용갑,서울특별시 강남구 테헤란로7길 12 (역삼동),
힘찬경영교육컨설팅,박병호,서울특별시 강남구 테헤란로7길 12 (역삼동),
현대경영전략연구원,허근도,서울특별시 강남구 테헤란로7길 12 (역삼동),
한국인사연구원,박윤학,서울특별시 강남구 테헤란로7길 12 (역삼동),
KSB연구원,정염,서울특별시 강남구 테헤란로7길 12 (역삼동),
모아경영컨설팅(주),강경모,서울 강남구 역삼1동 1357-70 성지하이츠 1212호,02-3452-7590
(주)포렉스터치,민대영,서울특별시 강남구 테헤란로 329 (역삼동) 삼흥빌딩 1114호,02-568-9689
TTS컨설팅(주),최명환,경상남도 창원시 성산구 창원대로 754 (외동) 한국산업단지관리공단 2층,055-275-9608
마스타컨설팅그룹(주),김명래,서울특별시 강남구 영동대로112길 28 (삼성동) 영성빌딩 505호,02-548-2528
품질환경인증원(주),박지용,서울특별시 강남구 테헤란로7길 12 (역삼동),02-3284-0818
유니언컨설팅,고승범,서울특별시 강남구 테헤란로7길 12 (역삼동),
인터윈컨설팅,정동화,서울특별시 강남구 테헤란로7길 12 (역삼동),02-568-6735
케이앤에스컨설팅,김학수,서울특별시 강남구 테헤란로7길 12 (역삼동),
이희동세무회계사무소,이희동,서울특별시 강남구 테헤란로7길 12 (역삼동),02-3487-3031
이성종,이성종,서울특별시 강남구 테헤란로7길 12 (역삼동),
김웅태,김웅태,서울특별시 강남구 테헤란로7길 12 (역삼동),02-558-2633
뉴밀레니엄기술상담소,이장우,서울특별시 강동구 올림픽로92길 62 (천호동) 3층,02-487-2260
(주)케이팩한국산업교육센터,정광렬,서울특별시 영등포구 여의대로 24 (여의도동) 전경련회관 5층,02-784-8005
비젼경영연구소,임휘섭,서울특별시 강남구 테헤란로7길 12 (역삼동),
에이앤드젯경영컨설팅(주),염동권,서울 구로구 구로본동 중앙유통단지 1258 업무A동 201호,02-2617-2519
현대정보컨설팅,홍건,서울특별시 강남구 테헤란로7길 12 (역삼동),051-302-6368
함종우,함종우,서울특별시 강남구 테헤란로7길 12 (역삼동),02-544-8020
유니온경영컨설팅,한종국,서울특별시 강남구 테헤란로7길 12 (역삼동),052-277-0305
GL경영연구소,최제선,광주 남구 주월동 102-1,062-675-9003
이영렬,이영렬,서울특별시 강남구 테헤란로7길 12 (역삼동),031-675-7754
고려경영자문(주),유기형,서울특별시 강남구 테헤란로7길 12 (역삼동),02-421-9300
박종실,박종실,서울특별시 강남구 테헤란로7길 12 (역삼동),02-579-8732
(주)동명경영컨설팅,김태호,광주광역시 광산구 하남산단8번로 177 (도천동) 중소기업지원센터 4층,062-956-6618
이규환,이규환,서울특별시 강남구 테헤란로7길 12 (역삼동),02-558-2633
미래경영컨설팅,손동진,서울 서초구 방배3동 1029-9 한우리빌딩 2층,02-3474-2257
성준경,성준경,서울특별시 강남구 테헤란로7길 12 (역삼동),02-3777-8888
한미벤처(주),김영철,서울특별시 강남구 테헤란로7길 12 (역삼동),02-508-4633
곽창근,곽창근,서울특별시 강남구 테헤란로7길 12 (역삼동),02-678-5944
우리경영혁신연구소,우창명,서울 마포구 서교동 2-1,02-336-9310
(주)우덕리서치앤컨설팅,남미희,강원도 원주시 호저로 47 (우산동) 강원도 중소기업지원센터 207호,033-731-4111
(주)한스비지니스컨설팅,김하영,전라북도 전주시 덕진구 기린대로 418 (금암동) 우석빌딩 5층,063-277-2580
아시아경영연구소,고민영,서울특별시 강남구 테헤란로7길 12 (역삼동),
동남재무관리컨설팅,허성국,서울특별시 강남구 테헤란로7길 12 (역삼동),051-464-5360
(주)로렌스컨설팅,최현출,서울특별시 강남구 학동로 217 (논현동) 고려빌딩 201호,02-549-1377
(주)비즈벤처컨설팅그룹,최상렬,부산광역시 사상구 농산물시장로 2 (엄궁동) 벤처빌딩 205호,051-515-8600
한국경영컨설팅,정찬웅,서울특별시 강남구 테헤란로7길 12 (역삼동),042-489-4431
정영관,정영관,서울특별시 강남구 테헤란로7길 12 (역삼동),041-650-8253
(주)한국경영개발원,정연풍,서울특별시 강남구 테헤란로7길 12 (역삼동),032-431-7744
명성컨설팅,장재영,서울특별시 강남구 테헤란로7길 12 (역삼동),02-711-2121
선진경영컨설팅,장위상,서울특별시 강남구 테헤란로7길 12 (역삼동),02-3469-1111
이병우,이병우,서울특별시 강남구 테헤란로7길 12 (역삼동),031-706-9819
자오경영컨설팅그룹,이병길,서울특별시 강남구 테헤란로7길 12 (역삼동),02-561-1131
시그마경영전략자문(주),유명철,서울특별시 강남구 강남대로 354 (역삼동) 혜천빌딩 1005호,02-558-2251
선인경영기술컨설팅,오선웅,서울특별시 구로구 구로동로 24-1 (가리봉동) 다함빌딩 3층,02-838-8896
영남창업지원센타,손정호,서울특별시 강남구 테헤란로7길 12 (역삼동),02-6283-1015
신세기경영컨설팅,"박명준,유헌열",서울특별시 마포구 마포대로 127 (공덕동) 풍림빌딩 523호,02-3272-4811
세진경영기술상담자문(주),김풍원,인천광역시 남동구 인하로507번길 80 (구월동) 태광프라자 503호,032-441-7780~1
(주)우석경영연구소,권영수,서울 중구 회현동1가  92-1.1층,02-538-1464
(유)일신경영컨설팅,김진영,대전광역시 중구 보문로 337 (선화동) 현대빌딩 301호,042-255-3040
하이텍경영기술자문(주),강재철,대구 달서구 갈산2동 381-2 두리빌딩 6층,032-502-0977
산업경영기술원,권오인,대전광역시 서구 월평로13번길 96 (월평동),011-9837-0303
빅비지니스컨설팅,권석인,서울특별시 강남구 테헤란로7길 12 (역삼동),063-242-4997
미래경영자문(주),최명수,인천광역시 남동구 남동대로 707 (구월동) 보광빌딩 3층,032-466-4331
